bucket,kind,era,series,rel_day,value
10y,new_issue,full,mean_xcpi,-10,0.0
10y,new_issue,full,mean_xcpi,-9,0.01671279715608816
10y,new_issue,full,mean_xcpi,-8,0.03028161097609223
10y,new_issue,full,mean_xcpi,-7,0.010301347917198571
10y,new_issue,full,mean_xcpi,-6,0.023786916611252436
10y,new_issue,full,mean_xcpi,-5,0.07538751708277591
10y,new_issue,full,mean_xcpi,-4,0.12933518791208004
10y,new_issue,full,mean_xcpi,-3,0.1714617314208898
10y,new_issue,full,mean_xcpi,-2,0.14312647710385318
10y,new_issue,full,mean_xcpi,-1,0.16173054402156517
10y,new_issue,full,mean_xcpi,0,0.1615450764579679
10y,new_issue,full,mean_xcpi,1,0.2857028556749613
10y,new_issue,full,mean_xcpi,2,0.1865483242015018
10y,new_issue,full,mean_xcpi,3,0.19864106999043832
10y,new_issue,full,mean_xcpi,4,0.22182369226489906
10y,new_issue,full,mean_xcpi,5,0.2379038472683243
10y,new_issue,full,mean_xcpi,6,0.21734421636187742
10y,new_issue,full,mean_xcpi,7,0.33534844548647935
10y,new_issue,full,mean_xcpi,8,0.3744184718357692
10y,new_issue,full,mean_xcpi,9,0.4517059679347308
10y,new_issue,full,mean_xcpi,10,0.3906225657591954
10y,new_issue,full,median_xcpi,-10,0.0
10y,new_issue,full,median_xcpi,-9,2.0610895076877966e-05
10y,new_issue,full,median_xcpi,-8,0.02354039912070005
10y,new_issue,full,median_xcpi,-7,0.007865611580484266
10y,new_issue,full,median_xcpi,-6,0.04214371593663779
10y,new_issue,full,median_xcpi,-5,0.07922612294124354
10y,new_issue,full,median_xcpi,-4,0.07397508798468305
10y,new_issue,full,median_xcpi,-3,0.04808197010086057
10y,new_issue,full,median_xcpi,-2,0.09447267786077962
10y,new_issue,full,median_xcpi,-1,0.1096467936868517
10y,new_issue,full,median_xcpi,0,0.2699482943923248
10y,new_issue,full,median_xcpi,1,0.2192793507890145
10y,new_issue,full,median_xcpi,2,0.05304146499907203
10y,new_issue,full,median_xcpi,3,0.07844969127008888
10y,new_issue,full,median_xcpi,4,0.19974248560560848
10y,new_issue,full,median_xcpi,5,0.13513366518222436
10y,new_issue,full,median_xcpi,6,0.08521158625476102
10y,new_issue,full,median_xcpi,7,0.14256570607592553
10y,new_issue,full,median_xcpi,8,0.30513085663939066
10y,new_issue,full,median_xcpi,9,0.27018733461819006
10y,new_issue,full,median_xcpi,10,0.24043147618401461
10y,new_issue,full,mean_raw,-10,0.0
10y,new_issue,full,mean_raw,-9,0.01671279715608816
10y,new_issue,full,mean_raw,-8,0.03028161097609223
10y,new_issue,full,mean_raw,-7,7.109497677293408e-06
10y,new_issue,full,mean_raw,-6,0.025099984784670147
10y,new_issue,full,mean_raw,-5,0.07635420506785157
10y,new_issue,full,mean_raw,-4,0.13866785383260274
10y,new_issue,full,mean_raw,-3,0.18079439734141256
10y,new_issue,full,mean_raw,-2,0.14909819167314567
10y,new_issue,full,mean_raw,-1,0.16353720858963558
10y,new_issue,full,mean_raw,0,0.12704743155931364
10y,new_issue,full,mean_raw,1,0.2512052107763071
10y,new_issue,full,mean_raw,2,0.15205067930284763
10y,new_issue,full,mean_raw,3,0.16414342509178406
10y,new_issue,full,mean_raw,4,0.1751292602338314
10y,new_issue,full,mean_raw,5,0.19164050592567652
10y,new_issue,full,mean_raw,6,0.17456517924748743
10y,new_issue,full,mean_raw,7,0.2679261973726042
10y,new_issue,full,mean_raw,8,0.322620202410268
10y,new_issue,full,mean_raw,9,0.3999076985092295
10y,new_issue,full,mean_raw,10,0.3388242963336944
10y,new_issue,full,mean_z,-10,0.0
10y,new_issue,full,mean_z,-9,0.03544418323128505
10y,new_issue,full,mean_z,-8,0.19745311913254812
10y,new_issue,full,mean_z,-7,0.23256179918595982
10y,new_issue,full,mean_z,-6,0.2436449453625782
10y,new_issue,full,mean_z,-5,0.5530898274859531
10y,new_issue,full,mean_z,-4,0.6816847296820311
10y,new_issue,full,mean_z,-3,0.8461213766409438
10y,new_issue,full,mean_z,-2,0.8882016767696412
10y,new_issue,full,mean_z,-1,0.9853152676376695
10y,new_issue,full,mean_z,0,1.5773793954479562
10y,new_issue,full,mean_z,1,1.7702212756325095
10y,new_issue,full,mean_z,2,1.5042248583491908
10y,new_issue,full,mean_z,3,1.4373447216771673
10y,new_issue,full,mean_z,4,1.5478623127283238
10y,new_issue,full,mean_z,5,1.6024429028665987
10y,new_issue,full,mean_z,6,1.476990995755661
10y,new_issue,full,mean_z,7,1.5608864202865214
10y,new_issue,full,mean_z,8,1.8128877334099283
10y,new_issue,full,mean_z,9,2.4112789327122313
10y,new_issue,full,mean_z,10,2.144978871026437
10y,new_issue,full,ci_lo,-10,0.0
10y,new_issue,full,ci_lo,-9,-0.03128619900314049
10y,new_issue,full,ci_lo,-8,-0.02556252335686756
10y,new_issue,full,ci_lo,-7,-0.04633605366791072
10y,new_issue,full,ci_lo,-6,-0.04373457143286783
10y,new_issue,full,ci_lo,-5,0.001247238126616618
10y,new_issue,full,ci_lo,-4,0.04710801308918972
10y,new_issue,full,ci_lo,-3,0.05703558031322303
10y,new_issue,full,ci_lo,-2,0.0448989195091175
10y,new_issue,full,ci_lo,-1,0.047205787426980915
10y,new_issue,full,ci_lo,0,-0.19617898009525597
10y,new_issue,full,ci_lo,1,-0.015270950347681604
10y,new_issue,full,ci_lo,2,-0.1564734501477372
10y,new_issue,full,ci_lo,3,-0.16319740966629911
10y,new_issue,full,ci_lo,4,-0.1328131452056432
10y,new_issue,full,ci_lo,5,-0.10618519953534675
10y,new_issue,full,ci_lo,6,-0.13018371045415938
10y,new_issue,full,ci_lo,7,-0.012239555503538982
10y,new_issue,full,ci_lo,8,0.01362728111998256
10y,new_issue,full,ci_lo,9,0.06900026927247299
10y,new_issue,full,ci_lo,10,0.022288875862595835
10y,new_issue,full,ci_hi,-10,0.0
10y,new_issue,full,ci_hi,-9,0.06841633572835643
10y,new_issue,full,ci_hi,-8,0.0884025638801967
10y,new_issue,full,ci_hi,-7,0.06844633756600474
10y,new_issue,full,ci_hi,-6,0.0896560603809854
10y,new_issue,full,ci_hi,-5,0.14420362786116506
10y,new_issue,full,ci_hi,-4,0.21587049118253615
10y,new_issue,full,ci_hi,-3,0.29048355594117536
10y,new_issue,full,ci_hi,-2,0.2475069962039783
10y,new_issue,full,ci_hi,-1,0.28325827819496385
10y,new_issue,full,ci_hi,0,0.47382786897327683
10y,new_issue,full,ci_hi,1,0.5863454167219923
10y,new_issue,full,ci_hi,2,0.5267222505764853
10y,new_issue,full,ci_hi,3,0.553538692438765
10y,new_issue,full,ci_hi,4,0.5704106125995555
10y,new_issue,full,ci_hi,5,0.5790578768030278
10y,new_issue,full,ci_hi,6,0.5654241465941184
10y,new_issue,full,ci_hi,7,0.6752833281993728
10y,new_issue,full,ci_hi,8,0.7182358887741161
10y,new_issue,full,ci_hi,9,0.8327939611753578
10y,new_issue,full,ci_hi,10,0.7632298540475287
10y,new_issue,train,mean_xcpi,-10,0.0
10y,new_issue,train,mean_xcpi,-9,0.03016590639412384
10y,new_issue,train,mean_xcpi,-8,0.015890966676040768
10y,new_issue,train,mean_xcpi,-7,-0.02116229944040899
10y,new_issue,train,mean_xcpi,-6,-0.003483277607348819
10y,new_issue,train,mean_xcpi,-5,0.056848083466252135
10y,new_issue,train,mean_xcpi,-4,0.11618730389676696
10y,new_issue,train,mean_xcpi,-3,0.18647097319616163
10y,new_issue,train,mean_xcpi,-2,0.11955316158658903
10y,new_issue,train,mean_xcpi,-1,0.11186309983349371
10y,new_issue,train,mean_xcpi,0,0.07328604160213557
10y,new_issue,train,mean_xcpi,1,0.2824696461475632
10y,new_issue,train,mean_xcpi,2,0.11630582807145551
10y,new_issue,train,mean_xcpi,3,0.1373488513820323
10y,new_issue,train,mean_xcpi,4,0.1468090609066476
10y,new_issue,train,mean_xcpi,5,0.14228207219076117
10y,new_issue,train,mean_xcpi,6,0.12825965440117904
10y,new_issue,train,mean_xcpi,7,0.2984972186229963
10y,new_issue,train,mean_xcpi,8,0.36984122932958824
10y,new_issue,train,mean_xcpi,9,0.5111286412836662
10y,new_issue,train,mean_xcpi,10,0.3971366868697977
10y,new_issue,train,median_xcpi,-10,0.0
10y,new_issue,train,median_xcpi,-9,0.016166920989904576
10y,new_issue,train,median_xcpi,-8,0.024187926813967753
10y,new_issue,train,median_xcpi,-7,-0.010851139333400983
10y,new_issue,train,median_xcpi,-6,0.044193466694070205
10y,new_issue,train,median_xcpi,-5,0.05848263490911554
10y,new_issue,train,median_xcpi,-4,0.07054190833555152
10y,new_issue,train,median_xcpi,-3,0.03954626880228185
10y,new_issue,train,median_xcpi,-2,0.05697096090110376
10y,new_issue,train,median_xcpi,-1,0.08228860165078733
10y,new_issue,train,median_xcpi,0,0.1884837902454069
10y,new_issue,train,median_xcpi,1,0.045786952982200424
10y,new_issue,train,median_xcpi,2,-0.011122171197805508
10y,new_issue,train,median_xcpi,3,0.021999008283840604
10y,new_issue,train,median_xcpi,4,-0.011435630261594276
10y,new_issue,train,median_xcpi,5,0.021295984543848068
10y,new_issue,train,median_xcpi,6,-0.041876384561316815
10y,new_issue,train,median_xcpi,7,-0.010573903659457207
10y,new_issue,train,median_xcpi,8,0.23877247589849354
10y,new_issue,train,median_xcpi,9,0.24947456906953275
10y,new_issue,train,median_xcpi,10,0.17034633754487527
10y,new_issue,train,mean_raw,-10,0.0
10y,new_issue,train,mean_raw,-9,0.03016590639412384
10y,new_issue,train,mean_raw,-8,0.015890966676040768
10y,new_issue,train,mean_raw,-7,-0.02116229944040899
10y,new_issue,train,mean_raw,-6,0.0035994340278147205
10y,new_issue,train,mean_raw,-5,0.07424600806623481
10y,new_issue,train,mean_raw,-4,0.1526107327118792
10y,new_issue,train,mean_raw,-3,0.22289440201127386
10y,new_issue,train,mean_raw,-2,0.1505473612958679
10y,new_issue,train,mean_raw,-1,0.13612914184849073
10y,new_issue,train,mean_raw,0,0.038906660632423574
10y,new_issue,train,mean_raw,1,0.2480902651778512
10y,new_issue,train,mean_raw,2,0.08192644710174363
10y,new_issue,train,mean_raw,3,0.10296947041232038
10y,new_issue,train,mean_raw,4,0.09272717764611375
10y,new_issue,train,mean_raw,5,0.08889656619613638
10y,new_issue,train,mean_raw,6,0.0805026398522015
10y,new_issue,train,mean_raw,7,0.21093194015177347
10y,new_issue,train,mean_raw,8,0.30751468566266194
10y,new_issue,train,mean_raw,9,0.44880209761673995
10y,new_issue,train,mean_raw,10,0.33481014320287145
10y,new_issue,train,mean_z,-10,0.0
10y,new_issue,train,mean_z,-9,0.0699807612265937
10y,new_issue,train,mean_z,-8,0.02950380997307299
10y,new_issue,train,mean_z,-7,0.053806647551250815
10y,new_issue,train,mean_z,-6,0.07824271586653672
10y,new_issue,train,mean_z,-5,0.40428805212716645
10y,new_issue,train,mean_z,-4,0.4330550849151293
10y,new_issue,train,mean_z,-3,0.7308671163184592
10y,new_issue,train,mean_z,-2,0.6645891322963867
10y,new_issue,train,mean_z,-1,0.6316349337064479
10y,new_issue,train,mean_z,0,1.2676618527293686
10y,new_issue,train,mean_z,1,1.6600961285549047
10y,new_issue,train,mean_z,2,1.1704874275083352
10y,new_issue,train,mean_z,3,1.1781231675514583
10y,new_issue,train,mean_z,4,1.1798027405956275
10y,new_issue,train,mean_z,5,1.0716252567594742
10y,new_issue,train,mean_z,6,0.9517398264032941
10y,new_issue,train,mean_z,7,0.9040433216970236
10y,new_issue,train,mean_z,8,1.3234368417348923
10y,new_issue,train,mean_z,9,2.3867764182158826
10y,new_issue,train,mean_z,10,1.9034853816269783
10y,new_issue,train,ci_lo,-10,0.0
10y,new_issue,train,ci_lo,-9,-0.034875460254646336
10y,new_issue,train,ci_lo,-8,-0.05584268648785068
10y,new_issue,train,ci_lo,-7,-0.08727372541234203
10y,new_issue,train,ci_lo,-6,-0.08069196828088658
10y,new_issue,train,ci_lo,-5,-0.019722154531993583
10y,new_issue,train,ci_lo,-4,0.02923241330710408
10y,new_issue,train,ci_lo,-3,0.04531270587580817
10y,new_issue,train,ci_lo,-2,0.008436862989362052
10y,new_issue,train,ci_lo,-1,-0.02385246306589212
10y,new_issue,train,ci_lo,0,-0.4250878473282246
10y,new_issue,train,ci_lo,1,-0.09093481392440216
10y,new_issue,train,ci_lo,2,-0.34915681606859045
10y,new_issue,train,ci_lo,3,-0.3550735661293655
10y,new_issue,train,ci_lo,4,-0.3485071555218828
10y,new_issue,train,ci_lo,5,-0.33563558126599136
10y,new_issue,train,ci_lo,6,-0.3193596395415311
10y,new_issue,train,ci_lo,7,-0.14160897679761883
10y,new_issue,train,ci_lo,8,-0.08127378789020073
10y,new_issue,train,ci_lo,9,0.009552061122547879
10y,new_issue,train,ci_lo,10,-0.09625764128275516
10y,new_issue,train,ci_hi,-10,0.0
10y,new_issue,train,ci_hi,-9,0.10238573694143571
10y,new_issue,train,ci_hi,-8,0.0893219701519804
10y,new_issue,train,ci_hi,-7,0.037241056270203986
10y,new_issue,train,ci_hi,-6,0.06847296891078643
10y,new_issue,train,ci_hi,-5,0.13049959974589617
10y,new_issue,train,ci_hi,-4,0.2189556197148202
10y,new_issue,train,ci_hi,-3,0.3530365287735325
10y,new_issue,train,ci_hi,-2,0.2559666471753599
10y,new_issue,train,ci_hi,-1,0.263782632227654
10y,new_issue,train,ci_hi,0,0.5275451794555669
10y,new_issue,train,ci_hi,1,0.7111141812335586
10y,new_issue,train,ci_hi,2,0.6076412248995126
10y,new_issue,train,ci_hi,3,0.644253060900613
10y,new_issue,train,ci_hi,4,0.6490112636709421
10y,new_issue,train,ci_hi,5,0.6233038953191783
10y,new_issue,train,ci_hi,6,0.5875474584804441
10y,new_issue,train,ci_hi,7,0.7842202774146474
10y,new_issue,train,ci_hi,8,0.8707714288130353
10y,new_issue,train,ci_hi,9,1.0408977065457805
10y,new_issue,train,ci_hi,10,0.910918611121663
10y,new_issue,holdout,mean_xcpi,-10,0.0
10y,new_issue,holdout,mean_xcpi,-9,-0.005148505355719812
10y,new_issue,holdout,mean_xcpi,-8,0.05366640796367585
10y,new_issue,holdout,mean_xcpi,-7,0.06142977487331086
10y,new_issue,holdout,mean_xcpi,-6,0.06810098221647948
10y,new_issue,holdout,mean_xcpi,-5,0.10551409670962705
10y,new_issue,holdout,mean_xcpi,-4,0.15070049943696384
10y,new_issue,holdout,mean_xcpi,-3,0.1470717135360733
10y,new_issue,holdout,mean_xcpi,-2,0.1814331148194074
10y,new_issue,holdout,mean_xcpi,-1,0.24276514082718123
10y,new_issue,holdout,mean_xcpi,0,0.30496600809869534
10y,new_issue,holdout,mean_xcpi,1,0.2909568211569832
10y,new_issue,holdout,mean_xcpi,2,0.3006923804128271
10y,new_issue,holdout,mean_xcpi,3,0.29824092522909784
10y,new_issue,holdout,mean_xcpi,4,0.3437224682220579
10y,new_issue,holdout,mean_xcpi,5,0.39328923176936453
10y,new_issue,holdout,mean_xcpi,6,0.3621066295480125
10y,new_issue,holdout,mean_xcpi,7,0.3952316891396396
10y,new_issue,holdout,mean_xcpi,8,0.3818564909083134
10y,new_issue,holdout,mean_xcpi,9,0.3551441237427103
10y,new_issue,holdout,mean_xcpi,10,0.3800371189544669
10y,new_issue,holdout,median_xcpi,-10,0.0
10y,new_issue,holdout,median_xcpi,-9,-0.0334057355422579
10y,new_issue,holdout,median_xcpi,-8,0.01938643081551561
10y,new_issue,holdout,median_xcpi,-7,0.0361413049034115
10y,new_issue,holdout,median_xcpi,-6,0.037537123568048836
10y,new_issue,holdout,median_xcpi,-5,0.10125911859346215
10y,new_issue,holdout,median_xcpi,-4,0.1073703432123097
10y,new_issue,holdout,median_xcpi,-3,0.10010030598041753
10y,new_issue,holdout,median_xcpi,-2,0.18139000197610888
10y,new_issue,holdout,median_xcpi,-1,0.20009998696446374
10y,new_issue,holdout,median_xcpi,0,0.29106492204674095
10y,new_issue,holdout,median_xcpi,1,0.324397916658542
10y,new_issue,holdout,median_xcpi,2,0.32049673006376844
10y,new_issue,holdout,median_xcpi,3,0.29738386146416773
10y,new_issue,holdout,median_xcpi,4,0.3398688833851138
10y,new_issue,holdout,median_xcpi,5,0.4610901958741781
10y,new_issue,holdout,median_xcpi,6,0.3488875613146286
10y,new_issue,holdout,median_xcpi,7,0.4086302746520748
10y,new_issue,holdout,median_xcpi,8,0.4383514490308049
10y,new_issue,holdout,median_xcpi,9,0.3901117128449205
10y,new_issue,holdout,median_xcpi,10,0.3893191681610175
10y,new_issue,holdout,mean_raw,-10,0.0
10y,new_issue,holdout,mean_raw,-9,-0.005148505355719812
10y,new_issue,holdout,mean_raw,-8,0.05366640796367585
10y,new_issue,holdout,mean_raw,-7,0.034407399022067506
10y,new_issue,holdout,mean_raw,-6,0.06003837976456021
10y,new_issue,holdout,mean_raw,-5,0.07978002519547879
10y,new_issue,holdout,mean_raw,-4,0.11601067565377851
10y,new_issue,holdout,mean_raw,-3,0.11238188975288795
10y,new_issue,holdout,mean_raw,-2,0.14674329103622208
10y,new_issue,holdout,mean_raw,-1,0.20807531704399593
10y,new_issue,holdout,mean_raw,0,0.27027618431551
10y,new_issue,holdout,mean_raw,1,0.2562669973737979
10y,new_issue,holdout,mean_raw,2,0.2660025566296418
10y,new_issue,holdout,mean_raw,3,0.26355110144591254
10y,new_issue,holdout,mean_raw,4,0.3090326444388726
10y,new_issue,holdout,mean_raw,5,0.35859940798617906
10y,new_issue,holdout,mean_raw,6,0.3274168057648271
10y,new_issue,holdout,mean_raw,7,0.36054186535645405
10y,new_issue,holdout,mean_raw,8,0.347166667125128
10y,new_issue,holdout,mean_raw,9,0.3204542999595251
10y,new_issue,holdout,mean_raw,10,0.34534729517128154
10y,new_issue,holdout,mean_z,-10,0.0
10y,new_issue,holdout,mean_z,-9,-0.020677756011091536
10y,new_issue,holdout,mean_z,-8,0.4703707465166952
10y,new_issue,holdout,mean_z,-7,0.5230389205923619
10y,new_issue,holdout,mean_z,-6,0.5124235682936454
10y,new_issue,holdout,mean_z,-5,0.7948927124439813
10y,new_issue,holdout,mean_z,-4,1.0857079024282466
10y,new_issue,holdout,mean_z,-3,1.0334095496649816
10y,new_issue,holdout,mean_z,-2,1.2515720615386803
10y,new_issue,holdout,mean_z,-1,1.5600458102759047
10y,new_issue,holdout,mean_z,0,2.0806704023656617
10y,new_issue,holdout,mean_z,1,1.9491746396336183
10y,new_issue,holdout,mean_z,2,2.0465481834655814
10y,new_issue,holdout,mean_z,3,1.8585797471314451
10y,new_issue,holdout,mean_z,4,2.1459591174439554
10y,new_issue,holdout,mean_z,5,2.4650215777906777
10y,new_issue,holdout,mean_z,6,2.3305241459532566
10y,new_issue,holdout,mean_z,7,2.6282564554944545
10y,new_issue,holdout,mean_z,8,2.6082454323818607
10y,new_issue,holdout,mean_z,9,2.4510955187687977
10y,new_issue,holdout,mean_z,10,2.5374057913005585
10y,new_issue,holdout,ci_lo,-10,0.0
10y,new_issue,holdout,ci_lo,-9,-0.06889853982536506
10y,new_issue,holdout,ci_lo,-8,-0.02584529979093081
10y,new_issue,holdout,ci_lo,-7,-0.047643231038430225
10y,new_issue,holdout,ci_lo,-6,-0.04547481974878451
10y,new_issue,holdout,ci_lo,-5,-0.03575668794284536
10y,new_issue,holdout,ci_lo,-4,-0.0010051675025268964
10y,new_issue,holdout,ci_lo,-3,-0.03032085251703319
10y,new_issue,holdout,ci_lo,-2,0.011438572565987995
10y,new_issue,holdout,ci_lo,-1,0.0775450502392123
10y,new_issue,holdout,ci_lo,0,-0.13457081811439972
10y,new_issue,holdout,ci_lo,1,-0.1355059760192252
10y,new_issue,holdout,ci_lo,2,-0.11648129508381871
10y,new_issue,holdout,ci_lo,3,-0.11450765393341765
10y,new_issue,holdout,ci_lo,4,-0.06769672812741664
10y,new_issue,holdout,ci_lo,5,-0.047534907228620235
10y,new_issue,holdout,ci_lo,6,-0.07746837573034643
10y,new_issue,holdout,ci_lo,7,-0.0499903464357941
10y,new_issue,holdout,ci_lo,8,-0.06478345931741147
10y,new_issue,holdout,ci_lo,9,-0.09729800326193085
10y,new_issue,holdout,ci_lo,10,-0.06384994423642947
10y,new_issue,holdout,ci_hi,-10,0.0
10y,new_issue,holdout,ci_hi,-9,0.0654273153808874
10y,new_issue,holdout,ci_hi,-8,0.1427754490946325
10y,new_issue,holdout,ci_hi,-7,0.1885872204248689
10y,new_issue,holdout,ci_hi,-6,0.1950865042945438
10y,new_issue,holdout,ci_hi,-5,0.25995840033365974
10y,new_issue,holdout,ci_hi,-4,0.31605359682898504
10y,new_issue,holdout,ci_hi,-3,0.3339851228299046
10y,new_issue,holdout,ci_hi,-2,0.34937509540564077
10y,new_issue,holdout,ci_hi,-1,0.4196513934146969
10y,new_issue,holdout,ci_hi,0,0.6540305009334442
10y,new_issue,holdout,ci_hi,1,0.6692317498624759
10y,new_issue,holdout,ci_hi,2,0.6771927314736376
10y,new_issue,holdout,ci_hi,3,0.6876389525930772
10y,new_issue,holdout,ci_hi,4,0.7437943322622493
10y,new_issue,holdout,ci_hi,5,0.8082251256346292
10y,new_issue,holdout,ci_hi,6,0.7732255778978122
10y,new_issue,holdout,ci_hi,7,0.8106036646876503
10y,new_issue,holdout,ci_hi,8,0.8097175754529641
10y,new_issue,holdout,ci_hi,9,0.7892420269595677
10y,new_issue,holdout,ci_hi,10,0.8013143347455302
10y,reopen,full,mean_xcpi,-10,0.0
10y,reopen,full,mean_xcpi,-9,0.05971210711810888
10y,reopen,full,mean_xcpi,-8,0.07065147320966636
10y,reopen,full,mean_xcpi,-7,0.09070377706461566
10y,reopen,full,mean_xcpi,-6,0.04138903575642117
10y,reopen,full,mean_xcpi,-5,0.1475889552760868
10y,reopen,full,mean_xcpi,-4,0.15627725836283454
10y,reopen,full,mean_xcpi,-3,0.11283193658019504
10y,reopen,full,mean_xcpi,-2,0.21783653946414383
10y,reopen,full,mean_xcpi,-1,0.1995882062840734
10y,reopen,full,mean_xcpi,0,0.44133173441129153
10y,reopen,full,mean_xcpi,1,0.4034733880849692
10y,reopen,full,mean_xcpi,2,0.4894991293581624
10y,reopen,full,mean_xcpi,3,0.4394836662424861
10y,reopen,full,mean_xcpi,4,0.493492922411266
10y,reopen,full,mean_xcpi,5,0.3797870007203834
10y,reopen,full,mean_xcpi,6,0.33118517146868554
10y,reopen,full,mean_xcpi,7,0.2942003171613331
10y,reopen,full,mean_xcpi,8,0.21794515212197157
10y,reopen,full,mean_xcpi,9,0.16648292182451327
10y,reopen,full,mean_xcpi,10,0.3088700606776702
10y,reopen,full,median_xcpi,-10,0.0
10y,reopen,full,median_xcpi,-9,-0.011057763787042374
10y,reopen,full,median_xcpi,-8,0.06452493661573211
10y,reopen,full,median_xcpi,-7,0.07990379048253837
10y,reopen,full,median_xcpi,-6,0.04091677774364766
10y,reopen,full,median_xcpi,-5,0.11579742300106277
10y,reopen,full,median_xcpi,-4,0.12522657345780397
10y,reopen,full,median_xcpi,-3,0.1661426884487036
10y,reopen,full,median_xcpi,-2,0.21734956919418486
10y,reopen,full,median_xcpi,-1,0.26156862141233117
10y,reopen,full,median_xcpi,0,0.17584238411869912
10y,reopen,full,median_xcpi,1,0.2071925485903292
10y,reopen,full,median_xcpi,2,0.13892261413141482
10y,reopen,full,median_xcpi,3,0.15190375084703778
10y,reopen,full,median_xcpi,4,0.12102359916070515
10y,reopen,full,median_xcpi,5,0.12686696716963386
10y,reopen,full,median_xcpi,6,0.13540485929339396
10y,reopen,full,median_xcpi,7,0.07731616958595611
10y,reopen,full,median_xcpi,8,0.03744471710670494
10y,reopen,full,median_xcpi,9,0.1345355081761812
10y,reopen,full,median_xcpi,10,0.2225836770935491
10y,reopen,full,mean_raw,-10,0.0
10y,reopen,full,mean_raw,-9,0.058547334755576344
10y,reopen,full,mean_raw,-8,0.06948670084713382
10y,reopen,full,mean_raw,-7,0.1089480158008631
10y,reopen,full,mean_raw,-6,0.0012199500093480384
10y,reopen,full,mean_raw,-5,0.09319848703301913
10y,reopen,full,mean_raw,-4,0.10763434979597042
10y,reopen,full,mean_raw,-3,0.06418902801333086
10y,reopen,full,mean_raw,-2,0.1780095918758742
10y,reopen,full,mean_raw,-1,0.17356602136265428
10y,reopen,full,mean_raw,0,0.4113955370958032
10y,reopen,full,mean_raw,1,0.3827128312220557
10y,reopen,full,mean_raw,2,0.4687385724952491
10y,reopen,full,mean_raw,3,0.41145874534517707
10y,reopen,full,mean_raw,4,0.4552706134570175
10y,reopen,full,mean_raw,5,0.3483083138415804
10y,reopen,full,mean_raw,6,0.33614162836548656
10y,reopen,full,mean_raw,7,0.3000046289390104
10y,reopen,full,mean_raw,8,0.20940915949180267
10y,reopen,full,mean_raw,9,0.16552990945402934
10y,reopen,full,mean_raw,10,0.30791704830718614
10y,reopen,full,mean_z,-10,0.0
10y,reopen,full,mean_z,-9,-0.0014693221168247748
10y,reopen,full,mean_z,-8,-0.0035421583539180356
10y,reopen,full,mean_z,-7,-0.003417161903503427
10y,reopen,full,mean_z,-6,0.05472190713801076
10y,reopen,full,mean_z,-5,0.26391643515468044
10y,reopen,full,mean_z,-4,0.27684597823896784
10y,reopen,full,mean_z,-3,0.14676595594894826
10y,reopen,full,mean_z,-2,0.3566543832519162
10y,reopen,full,mean_z,-1,0.3591473535132774
10y,reopen,full,mean_z,0,0.7899752864870214
10y,reopen,full,mean_z,1,0.7866554028040652
10y,reopen,full,mean_z,2,1.0450694541203644
10y,reopen,full,mean_z,3,1.073080544528231
10y,reopen,full,mean_z,4,1.238276056782927
10y,reopen,full,mean_z,5,0.936883186368669
10y,reopen,full,mean_z,6,0.8529848534638111
10y,reopen,full,mean_z,7,0.729196906950051
10y,reopen,full,mean_z,8,0.49775691709484443
10y,reopen,full,mean_z,9,0.47981696018378195
10y,reopen,full,mean_z,10,0.8942741598080709
10y,reopen,full,ci_lo,-10,0.0
10y,reopen,full,ci_lo,-9,-0.11112314993124
10y,reopen,full,ci_lo,-8,-0.13144614633450874
10y,reopen,full,ci_lo,-7,-0.1222441934524524
10y,reopen,full,ci_lo,-6,-0.1677179772795028
10y,reopen,full,ci_lo,-5,-0.11350432945673712
10y,reopen,full,ci_lo,-4,-0.09509253492882297
10y,reopen,full,ci_lo,-3,-0.15549841219140612
10y,reopen,full,ci_lo,-2,-0.09204966960205746
10y,reopen,full,ci_lo,-1,-0.10265276209338677
10y,reopen,full,ci_lo,0,0.036010601609287506
10y,reopen,full,ci_lo,1,0.07907135847667227
10y,reopen,full,ci_lo,2,0.16300157957877062
10y,reopen,full,ci_lo,3,0.15692036098888792
10y,reopen,full,ci_lo,4,0.21274860891644942
10y,reopen,full,ci_lo,5,0.09762881766642778
10y,reopen,full,ci_lo,6,0.05333903636861995
10y,reopen,full,ci_lo,7,-0.018624236108791742
10y,reopen,full,ci_lo,8,-0.12068911590271846
10y,reopen,full,ci_lo,9,-0.3015763716952003
10y,reopen,full,ci_lo,10,-0.06206508891924656
10y,reopen,full,ci_hi,-10,0.0
10y,reopen,full,ci_hi,-9,0.28154135448716167
10y,reopen,full,ci_hi,-8,0.30376148357754146
10y,reopen,full,ci_hi,-7,0.323703345980113
10y,reopen,full,ci_hi,-6,0.23621384759617614
10y,reopen,full,ci_hi,-5,0.3807205442175212
10y,reopen,full,ci_hi,-4,0.3858294203406952
10y,reopen,full,ci_hi,-3,0.37413620497194305
10y,reopen,full,ci_hi,-2,0.5213877165172383
10y,reopen,full,ci_hi,-1,0.4880564506043536
10y,reopen,full,ci_hi,0,0.9122258487735946
10y,reopen,full,ci_hi,1,0.7664114831246799
10y,reopen,full,ci_hi,2,0.854115483872939
10y,reopen,full,ci_hi,3,0.7577815969917554
10y,reopen,full,ci_hi,4,0.7944428297418156
10y,reopen,full,ci_hi,5,0.6953895380011684
10y,reopen,full,ci_hi,6,0.6473944600280072
10y,reopen,full,ci_hi,7,0.6422175828691981
10y,reopen,full,ci_hi,8,0.5892760877453357
10y,reopen,full,ci_hi,9,0.6129065552350388
10y,reopen,full,ci_hi,10,0.6936601975720451
10y,reopen,train,mean_xcpi,-10,0.0
10y,reopen,train,mean_xcpi,-9,0.11923761166259605
10y,reopen,train,mean_xcpi,-8,0.21322057102549757
10y,reopen,train,mean_xcpi,-7,0.294913318345175
10y,reopen,train,mean_xcpi,-6,0.19876798531994694
10y,reopen,train,mean_xcpi,-5,0.3650905608715186
10y,reopen,train,mean_xcpi,-4,0.35312979781343656
10y,reopen,train,mean_xcpi,-3,0.28734465275331544
10y,reopen,train,mean_xcpi,-2,0.39517925094348527
10y,reopen,train,mean_xcpi,-1,0.26062080485851774
10y,reopen,train,mean_xcpi,0,0.7497509588588303
10y,reopen,train,mean_xcpi,1,0.6397776829947913
10y,reopen,train,mean_xcpi,2,0.6838739333740366
10y,reopen,train,mean_xcpi,3,0.5685407112270774
10y,reopen,train,mean_xcpi,4,0.6952669804121021
10y,reopen,train,mean_xcpi,5,0.4436217528089964
10y,reopen,train,mean_xcpi,6,0.3354869087504937
10y,reopen,train,mean_xcpi,7,0.29253527380046174
10y,reopen,train,mean_xcpi,8,0.20904388673485172
10y,reopen,train,mean_xcpi,9,0.10325170465132286
10y,reopen,train,mean_xcpi,10,0.325016148615563
10y,reopen,train,median_xcpi,-10,0.0
10y,reopen,train,median_xcpi,-9,-0.012637541279164388
10y,reopen,train,median_xcpi,-8,0.06452493661573211
10y,reopen,train,median_xcpi,-7,0.14498601722394167
10y,reopen,train,median_xcpi,-6,0.022974755079380182
10y,reopen,train,median_xcpi,-5,0.1300997349475672
10y,reopen,train,median_xcpi,-4,0.0993964324488894
10y,reopen,train,median_xcpi,-3,0.12758347400627956
10y,reopen,train,median_xcpi,-2,0.20762287151445113
10y,reopen,train,median_xcpi,-1,0.23456087106177037
10y,reopen,train,median_xcpi,0,0.11953092644812768
10y,reopen,train,median_xcpi,1,0.22763480456717855
10y,reopen,train,median_xcpi,2,0.20760029001486968
10y,reopen,train,median_xcpi,3,0.1505450175305847
10y,reopen,train,median_xcpi,4,0.2580130998000353
10y,reopen,train,median_xcpi,5,0.12686696716963386
10y,reopen,train,median_xcpi,6,0.13540485929339396
10y,reopen,train,median_xcpi,7,0.07189280125557751
10y,reopen,train,median_xcpi,8,0.004412510701818029
10y,reopen,train,median_xcpi,9,0.03200994165450899
10y,reopen,train,median_xcpi,10,0.28993471660566394
10y,reopen,train,mean_raw,-10,0.0
10y,reopen,train,mean_raw,-9,0.11923761166259605
10y,reopen,train,mean_raw,-8,0.21322057102549757
10y,reopen,train,mean_raw,-7,0.294913318345175
10y,reopen,train,mean_raw,-6,0.19216291634028765
10y,reopen,train,mean_raw,-5,0.3509243611148055
10y,reopen,train,mean_raw,-4,0.3451473018668347
10y,reopen,train,mean_raw,-3,0.27936215680671356
10y,reopen,train,mean_raw,-2,0.40350628280728307
10y,reopen,train,mean_raw,-1,0.2944866476559894
10y,reopen,train,mean_raw,0,0.7763758787272739
10y,reopen,train,mean_raw,1,0.6833775377004982
10y,reopen,train,mean_raw,2,0.7274737880797437
10y,reopen,train,mean_raw,3,0.5987014924691522
10y,reopen,train,mean_raw,4,0.7065625937488393
10y,reopen,train,mean_raw,5,0.46739306698530747
10y,reopen,train,mean_raw,6,0.4266632389116724
10y,reopen,train,mean_raw,7,0.38528013549126194
10y,reopen,train,mean_raw,8,0.2752591852711362
10y,reopen,train,mean_raw,9,0.18349551666802458
10y,reopen,train,mean_raw,10,0.4052599606322646
10y,reopen,train,mean_z,-10,0.0
10y,reopen,train,mean_z,-9,0.032287900637957445
10y,reopen,train,mean_z,-8,0.3235929188139924
10y,reopen,train,mean_z,-7,0.480593787268798
10y,reopen,train,mean_z,-6,0.5198516180855457
10y,reopen,train,mean_z,-5,0.9131879425888083
10y,reopen,train,mean_z,-4,0.7882236098929877
10y,reopen,train,mean_z,-3,0.6247494184107616
10y,reopen,train,mean_z,-2,0.6804006599072616
10y,reopen,train,mean_z,-1,0.32804193733171594
10y,reopen,train,mean_z,0,1.2790451244877357
10y,reopen,train,mean_z,1,1.2952678977595666
10y,reopen,train,mean_z,2,1.3207545572513069
10y,reopen,train,mean_z,3,1.1780707091861844
10y,reopen,train,mean_z,4,1.7529772447655543
10y,reopen,train,mean_z,5,1.1574471233048764
10y,reopen,train,mean_z,6,0.8738058480225348
10y,reopen,train,mean_z,7,0.7390784964497203
10y,reopen,train,mean_z,8,0.6826014177582618
10y,reopen,train,mean_z,9,0.5703847539019452
10y,reopen,train,mean_z,10,1.0904397214578367
10y,reopen,train,ci_lo,-10,0.0
10y,reopen,train,ci_lo,-9,-0.18554788707551328
10y,reopen,train,ci_lo,-8,-0.10102207544871528
10y,reopen,train,ci_lo,-7,0.01762541524108482
10y,reopen,train,ci_lo,-6,-0.03033237540028461
10y,reopen,train,ci_lo,-5,0.11151156729515924
10y,reopen,train,ci_lo,-4,0.11626972028357956
10y,reopen,train,ci_lo,-3,0.013392112321326586
10y,reopen,train,ci_lo,-2,0.06019623243076094
10y,reopen,train,ci_lo,-1,-0.08797664382837814
10y,reopen,train,ci_lo,0,0.1916089416088455
10y,reopen,train,ci_lo,1,0.17869058225568787
10y,reopen,train,ci_lo,2,0.1803225620704315
10y,reopen,train,ci_lo,3,0.10657087021237818
10y,reopen,train,ci_lo,4,0.2950629939665305
10y,reopen,train,ci_lo,5,0.016653418022010244
10y,reopen,train,ci_lo,6,-0.061304722418859155
10y,reopen,train,ci_lo,7,-0.15112675655596255
10y,reopen,train,ci_lo,8,-0.27346672524565363
10y,reopen,train,ci_lo,9,-0.6588954517638573
10y,reopen,train,ci_lo,10,-0.22487488410406015
10y,reopen,train,ci_hi,-10,0.0
10y,reopen,train,ci_hi,-9,0.5491356154793352
10y,reopen,train,ci_hi,-8,0.6120193992418171
10y,reopen,train,ci_hi,-7,0.6498116088594946
10y,reopen,train,ci_hi,-6,0.4857538718855616
10y,reopen,train,ci_hi,-5,0.6753538297474947
10y,reopen,train,ci_hi,-4,0.6180752924214891
10y,reopen,train,ci_hi,-3,0.591535076120598
10y,reopen,train,ci_hi,-2,0.7683887982482503
10y,reopen,train,ci_hi,-1,0.6315671627715408
10y,reopen,train,ci_hi,0,1.4046563183591647
10y,reopen,train,ci_hi,1,1.1441369533310084
10y,reopen,train,ci_hi,2,1.2397309342847764
10y,reopen,train,ci_hi,3,1.0621515650637787
10y,reopen,train,ci_hi,4,1.123626864128247
10y,reopen,train,ci_hi,5,0.8963018298512828
10y,reopen,train,ci_hi,6,0.741382048634897
10y,reopen,train,ci_hi,7,0.750211091607977
10y,reopen,train,ci_hi,8,0.714725103361005
10y,reopen,train,ci_hi,9,0.7761975571416744
10y,reopen,train,ci_hi,10,0.8930254736056707
10y,reopen,holdout,mean_xcpi,-10,0.0
10y,reopen,holdout,mean_xcpi,-9,-0.010317898228346578
10y,reopen,holdout,mean_xcpi,-8,-0.09707687716189974
10y,reopen,holdout,mean_xcpi,-7,-0.1495427420889836
10y,reopen,holdout,mean_xcpi,-6,-0.14376266961243278
10y,reopen,holdout,mean_xcpi,-5,-0.10829528660089181
10y,reopen,holdout,mean_xcpi,-4,-0.07531396452022655
10y,reopen,holdout,mean_xcpi,-3,-0.09247714127053491
10y,reopen,holdout,mean_xcpi,-2,0.009198055370801135
10y,reopen,holdout,mean_xcpi,-1,0.1277851491376681
10y,reopen,holdout,mean_xcpi,0,0.07848558800242245
10y,reopen,holdout,mean_xcpi,1,0.12546833524988438
10y,reopen,holdout,mean_xcpi,2,0.2608228893394871
10y,reopen,holdout,mean_xcpi,3,0.2876518486135553
10y,reopen,holdout,mean_xcpi,4,0.2561116777044002
10y,reopen,holdout,mean_xcpi,5,0.304687292380839
10y,reopen,holdout,mean_xcpi,6,0.32612430407832277
10y,reopen,holdout,mean_xcpi,7,0.29615919170353466
10y,reopen,holdout,mean_xcpi,8,0.228417229047995
10y,reopen,holdout,mean_xcpi,9,0.24087258908709017
10y,reopen,holdout,mean_xcpi,10,0.28987466310367865
10y,reopen,holdout,median_xcpi,-10,0.0
10y,reopen,holdout,median_xcpi,-9,-0.005431776763614726
10y,reopen,holdout,median_xcpi,-8,0.040791340063905945
10y,reopen,holdout,median_xcpi,-7,0.046442423705489455
10y,reopen,holdout,median_xcpi,-6,0.0687393843282369
10y,reopen,holdout,median_xcpi,-5,0.08177104966387017
10y,reopen,holdout,median_xcpi,-4,0.16619442069287782
10y,reopen,holdout,median_xcpi,-3,0.19710538425821156
10y,reopen,holdout,median_xcpi,-2,0.2584004577289911
10y,reopen,holdout,median_xcpi,-1,0.2848466268282057
10y,reopen,holdout,median_xcpi,0,0.210563123927332
10y,reopen,holdout,median_xcpi,1,0.2071925485903292
10y,reopen,holdout,median_xcpi,2,0.13892261413141482
10y,reopen,holdout,median_xcpi,3,0.15190375084703778
10y,reopen,holdout,median_xcpi,4,0.08808257733202152
10y,reopen,holdout,median_xcpi,5,0.12187974641571231
10y,reopen,holdout,median_xcpi,6,0.14155138563073377
10y,reopen,holdout,median_xcpi,7,0.12342143058791111
10y,reopen,holdout,median_xcpi,8,0.10717420862929439
10y,reopen,holdout,median_xcpi,9,0.14629729823584237
10y,reopen,holdout,median_xcpi,10,0.17871499022594772
10y,reopen,holdout,mean_raw,-10,0.0
10y,reopen,holdout,mean_raw,-9,-0.012852991017387976
10y,reopen,holdout,mean_raw,-8,-0.09961196995094113
10y,reopen,holdout,mean_raw,-7,-0.10983469307479787
10y,reopen,holdout,mean_raw,-6,-0.22341883390940434
10y,reopen,holdout,mean_raw,-5,-0.2100084236514356
10y,reopen,holdout,mean_raw,-4,-0.17179265264034058
10y,reopen,holdout,mean_raw,-3,-0.18895582939064876
10y,reopen,holdout,mean_raw,-2,-0.08728063274931283
10y,reopen,holdout,mean_raw,-1,0.031306461017554174
10y,reopen,holdout,mean_raw,0,-0.017993100117691462
10y,reopen,holdout,mean_raw,1,0.02898964712977046
10y,reopen,holdout,mean_raw,2,0.16434420121937318
10y,reopen,holdout,mean_raw,3,0.19117316049344146
10y,reopen,holdout,mean_raw,4,0.1596329895842862
10y,reopen,holdout,mean_raw,5,0.20820860426072507
10y,reopen,holdout,mean_raw,6,0.22964561595820895
10y,reopen,holdout,mean_raw,7,0.19968050358342065
10y,reopen,holdout,mean_raw,8,0.13193854092788107
10y,reopen,holdout,mean_raw,9,0.14439390096697624
10y,reopen,holdout,mean_raw,10,0.1933959749835647
10y,reopen,holdout,mean_z,-10,0.0
10y,reopen,holdout,mean_z,-9,-0.041183701828333225
10y,reopen,holdout,mean_z,-8,-0.38840695502204803
10y,reopen,holdout,mean_z,-7,-0.5728418079885639
10y,reopen,holdout,mean_z,-6,-0.4924895175061477
10y,reopen,holdout,mean_z,-5,-0.49993239712076376
10y,reopen,holdout,mean_z,-4,-0.3247747648834082
10y,reopen,holdout,mean_z,-3,-0.4155675293002442
10y,reopen,holdout,mean_z,-2,-0.024223589283784437
10y,reopen,holdout,mean_z,-1,0.39574196078570295
10y,reopen,holdout,mean_z,0,0.21459900648618138
10y,reopen,holdout,mean_z,1,0.1882877616799459
10y,reopen,holdout,mean_z,2,0.7207340386721972
10y,reopen,holdout,mean_z,3,0.9495627037541681
10y,reopen,holdout,mean_z,4,0.6327452473916007
10y,reopen,holdout,mean_z,5,0.6773962017378364
10y,reopen,holdout,mean_z,6,0.8284895657476656
10y,reopen,holdout,mean_z,7,0.717571507538675
10y,reopen,holdout,mean_z,8,0.28029279866729473
10y,reopen,holdout,mean_z,9,0.37326661463300154
10y,reopen,holdout,mean_z,10,0.663491146102464
10y,reopen,holdout,ci_lo,-10,0.0
10y,reopen,holdout,ci_lo,-9,-0.10446623258031669
10y,reopen,holdout,ci_lo,-8,-0.3348478459998906
10y,reopen,holdout,ci_lo,-7,-0.4472037139361882
10y,reopen,holdout,ci_lo,-6,-0.49026044023352683
10y,reopen,holdout,ci_lo,-5,-0.5642588057907569
10y,reopen,holdout,ci_lo,-4,-0.5150702990641339
10y,reopen,holdout,ci_lo,-3,-0.6115797056647889
10y,reopen,holdout,ci_lo,-2,-0.540950192401887
10y,reopen,holdout,ci_lo,-1,-0.41735073832710967
10y,reopen,holdout,ci_lo,0,-0.4829809898047658
10y,reopen,holdout,ci_lo,1,-0.3645697379849379
10y,reopen,holdout,ci_lo,2,-0.16698809842756798
10y,reopen,holdout,ci_lo,3,-0.044785461437133404
10y,reopen,holdout,ci_lo,4,-0.0897578928212874
10y,reopen,holdout,ci_lo,5,-0.08515087580087434
10y,reopen,holdout,ci_lo,6,-0.10297978984208435
10y,reopen,holdout,ci_lo,7,-0.16618186257901435
10y,reopen,holdout,ci_lo,8,-0.26359151480767656
10y,reopen,holdout,ci_lo,9,-0.2611855403439182
10y,reopen,holdout,ci_lo,10,-0.25671117975165164
10y,reopen,holdout,ci_hi,-10,0.0
10y,reopen,holdout,ci_hi,-9,0.07715195860617013
10y,reopen,holdout,ci_hi,-8,0.08143407434126898
10y,reopen,holdout,ci_hi,-7,0.07377244605168867
10y,reopen,holdout,ci_hi,-6,0.1136979928017263
10y,reopen,holdout,ci_hi,-5,0.24188640437747547
10y,reopen,holdout,ci_hi,-4,0.2698319016479407
10y,reopen,holdout,ci_hi,-3,0.30267016108871814
10y,reopen,holdout,ci_hi,-2,0.42724427212946686
10y,reopen,holdout,ci_hi,-1,0.5620354475822882
10y,reopen,holdout,ci_hi,0,0.5257514462837517
10y,reopen,holdout,ci_hi,1,0.5426229417755539
10y,reopen,holdout,ci_hi,2,0.6669073941006908
10y,reopen,holdout,ci_hi,3,0.6378333282840085
10y,reopen,holdout,ci_hi,4,0.6254900299513744
10y,reopen,holdout,ci_hi,5,0.7462483424241163
10y,reopen,holdout,ci_hi,6,0.8136257155702814
10y,reopen,holdout,ci_hi,7,0.7909285446231383
10y,reopen,holdout,ci_hi,8,0.7141005890465651
10y,reopen,holdout,ci_hi,9,0.7380707779478226
10y,reopen,holdout,ci_hi,10,0.78930449170982
30y,new_issue,full,mean_xcpi,-10,0.0
30y,new_issue,full,mean_xcpi,-9,-0.005425467542634619
30y,new_issue,full,mean_xcpi,-8,0.0013691464001195691
30y,new_issue,full,mean_xcpi,-7,0.0024064539957312733
30y,new_issue,full,mean_xcpi,-6,-0.032182841447387533
30y,new_issue,full,mean_xcpi,-5,-0.015239967086466506
30y,new_issue,full,mean_xcpi,-4,-0.03335728373831778
30y,new_issue,full,mean_xcpi,-3,-0.031302068593336965
30y,new_issue,full,mean_xcpi,-2,0.022281149224182926
30y,new_issue,full,mean_xcpi,-1,0.0330975644306208
30y,new_issue,full,mean_xcpi,0,-0.037821245098461895
30y,new_issue,full,mean_xcpi,1,0.01092063165276322
30y,new_issue,full,mean_xcpi,2,-0.028502011234602623
30y,new_issue,full,mean_xcpi,3,-0.01231482418655379
30y,new_issue,full,mean_xcpi,4,4.090544818375113e-05
30y,new_issue,full,mean_xcpi,5,0.00216499332543963
30y,new_issue,full,mean_xcpi,6,-0.003450029076435539
30y,new_issue,full,mean_xcpi,7,-0.013591300292441736
30y,new_issue,full,mean_xcpi,8,0.0013038619231481635
30y,new_issue,full,mean_xcpi,9,-0.03414769099420731
30y,new_issue,full,mean_xcpi,10,-0.05298342941087393
30y,new_issue,full,median_xcpi,-10,0.0
30y,new_issue,full,median_xcpi,-9,0.013297113488430767
30y,new_issue,full,median_xcpi,-8,-0.0015982876551438596
30y,new_issue,full,median_xcpi,-7,0.0012014510199054307
30y,new_issue,full,median_xcpi,-6,-0.00967183240848657
30y,new_issue,full,median_xcpi,-5,-0.014493883896538051
30y,new_issue,full,median_xcpi,-4,-0.014030467764591936
30y,new_issue,full,median_xcpi,-3,-0.01095496816939101
30y,new_issue,full,median_xcpi,-2,-0.005408415660246302
30y,new_issue,full,median_xcpi,-1,-0.007618067506542925
30y,new_issue,full,median_xcpi,0,-0.03614628726220648
30y,new_issue,full,median_xcpi,1,-0.03614628726220648
30y,new_issue,full,median_xcpi,2,-0.016481738104245913
30y,new_issue,full,median_xcpi,3,-0.0439328567502173
30y,new_issue,full,median_xcpi,4,-0.018575419663768855
30y,new_issue,full,median_xcpi,5,0.014171752044789265
30y,new_issue,full,median_xcpi,6,0.03570696068971868
30y,new_issue,full,median_xcpi,7,0.02598364154623445
30y,new_issue,full,median_xcpi,8,0.14286105620088252
30y,new_issue,full,median_xcpi,9,0.09164247680335247
30y,new_issue,full,median_xcpi,10,0.08987391439092829
30y,new_issue,full,mean_raw,-10,0.0
30y,new_issue,full,mean_raw,-9,-0.007724291586131381
30y,new_issue,full,mean_raw,-8,-0.007142819035766014
30y,new_issue,full,mean_raw,-7,0.0008398154933009298
30y,new_issue,full,mean_raw,-6,-0.03889195399825601
30y,new_issue,full,mean_raw,-5,-0.023267320030388207
30y,new_issue,full,mean_raw,-4,-0.03927104014933048
30y,new_issue,full,mean_raw,-3,-0.02107556459874756
30y,new_issue,full,mean_raw,-2,0.040404697051152384
30y,new_issue,full,mean_raw,-1,0.039439679500444844
30y,new_issue,full,mean_raw,0,0.17801147696389336
30y,new_issue,full,mean_raw,1,0.24869576202892993
30y,new_issue,full,mean_raw,2,0.20927311914156407
30y,new_issue,full,mean_raw,3,0.22546030618961288
30y,new_issue,full,mean_raw,4,0.23781603582435043
30y,new_issue,full,mean_raw,5,0.23393655182306455
30y,new_issue,full,mean_raw,6,0.2283215294211894
30y,new_issue,full,mean_raw,7,0.2181802582051832
30y,new_issue,full,mean_raw,8,0.23307542042077306
30y,new_issue,full,mean_raw,9,0.1976238675034176
30y,new_issue,full,mean_raw,10,0.1787881290867509
30y,new_issue,full,mean_z,-10,0.0
30y,new_issue,full,mean_z,-9,0.2280436787106005
30y,new_issue,full,mean_z,-8,0.13157819407498797
30y,new_issue,full,mean_z,-7,-0.00569626066778694
30y,new_issue,full,mean_z,-6,-0.09088947974146337
30y,new_issue,full,mean_z,-5,-0.09269749860528614
30y,new_issue,full,mean_z,-4,-0.17517684704844286
30y,new_issue,full,mean_z,-3,-0.13672105588042205
30y,new_issue,full,mean_z,-2,0.30032954380833726
30y,new_issue,full,mean_z,-1,0.4061786696214653
30y,new_issue,full,mean_z,0,1.1594277420673171
30y,new_issue,full,mean_z,1,-58.68966086837236
30y,new_issue,full,mean_z,2,-105.16800805503124
30y,new_issue,full,mean_z,3,-58.84487613443018
30y,new_issue,full,mean_z,4,-71.43178349637014
30y,new_issue,full,mean_z,5,-73.73008010738644
30y,new_issue,full,mean_z,6,-52.16159746222466
30y,new_issue,full,mean_z,7,-71.97126142580632
30y,new_issue,full,mean_z,8,-37.22122925286686
30y,new_issue,full,mean_z,9,-58.52908991806389
30y,new_issue,full,mean_z,10,-8.879986453488522
30y,new_issue,full,ci_lo,-10,0.0
30y,new_issue,full,ci_lo,-9,-0.04871517872024902
30y,new_issue,full,ci_lo,-8,-0.0360263180114853
30y,new_issue,full,ci_lo,-7,-0.025022941941920368
30y,new_issue,full,ci_lo,-6,-0.08166086109529633
30y,new_issue,full,ci_lo,-5,-0.04673076836042639
30y,new_issue,full,ci_lo,-4,-0.07210707778455952
30y,new_issue,full,ci_lo,-3,-0.07221056878427914
30y,new_issue,full,ci_lo,-2,-0.10964322022973601
30y,new_issue,full,ci_lo,-1,-0.09795839022079925
30y,new_issue,full,ci_lo,0,-0.2850582868317668
30y,new_issue,full,ci_lo,1,-0.2784449004380017
30y,new_issue,full,ci_lo,2,-0.3402996743933634
30y,new_issue,full,ci_lo,3,-0.3023484044688851
30y,new_issue,full,ci_lo,4,-0.2945102220348027
30y,new_issue,full,ci_lo,5,-0.2809044568947197
30y,new_issue,full,ci_lo,6,-0.2857191261559747
30y,new_issue,full,ci_lo,7,-0.28887818206993593
30y,new_issue,full,ci_lo,8,-0.28310557327844804
30y,new_issue,full,ci_lo,9,-0.31829458352466017
30y,new_issue,full,ci_lo,10,-0.3479152699566753
30y,new_issue,full,ci_hi,-10,0.0
30y,new_issue,full,ci_hi,-9,0.024238376663137464
30y,new_issue,full,ci_hi,-8,0.034539159443557954
30y,new_issue,full,ci_hi,-7,0.03116684120100955
30y,new_issue,full,ci_hi,-6,0.009302599051264659
30y,new_issue,full,ci_hi,-5,0.015361611244674446
30y,new_issue,full,ci_hi,-4,-0.00011583897492633091
30y,new_issue,full,ci_hi,-3,0.006511420654653374
30y,new_issue,full,ci_hi,-2,0.21412153666109035
30y,new_issue,full,ci_hi,-1,0.2240210892777858
30y,new_issue,full,ci_hi,0,0.21406149591055276
30y,new_issue,full,ci_hi,1,0.2984518113995643
30y,new_issue,full,ci_hi,2,0.27339844347554676
30y,new_issue,full,ci_hi,3,0.2772012606420708
30y,new_issue,full,ci_hi,4,0.2894365361727717
30y,new_issue,full,ci_hi,5,0.282615408664085
30y,new_issue,full,ci_hi,6,0.2700685005144068
30y,new_issue,full,ci_hi,7,0.2449640384855503
30y,new_issue,full,ci_hi,8,0.26596894300059454
30y,new_issue,full,ci_hi,9,0.2315378860285216
30y,new_issue,full,ci_hi,10,0.21897780603290992
5y,new_issue,full,mean_xcpi,-10,0.0
5y,new_issue,full,mean_xcpi,-9,0.035568056487134736
5y,new_issue,full,mean_xcpi,-8,0.06492408415184388
5y,new_issue,full,mean_xcpi,-7,0.1018183338568877
5y,new_issue,full,mean_xcpi,-6,0.14883203499274877
5y,new_issue,full,mean_xcpi,-5,0.15848579886581643
5y,new_issue,full,mean_xcpi,-4,0.17684051209234036
5y,new_issue,full,mean_xcpi,-3,0.23801632141524712
5y,new_issue,full,mean_xcpi,-2,0.31530785655934196
5y,new_issue,full,mean_xcpi,-1,0.2719916177655854
5y,new_issue,full,mean_xcpi,0,0.02547784257541517
5y,new_issue,full,mean_xcpi,1,-0.09910337643673763
5y,new_issue,full,mean_xcpi,2,-0.25668444059220175
5y,new_issue,full,mean_xcpi,3,-0.23446794474544008
5y,new_issue,full,mean_xcpi,4,-0.30828865276908285
5y,new_issue,full,mean_xcpi,5,-0.4127275380531052
5y,new_issue,full,mean_xcpi,6,-0.35193061340769055
5y,new_issue,full,mean_xcpi,7,-0.38071838206352304
5y,new_issue,full,mean_xcpi,8,-0.3501355510832637
5y,new_issue,full,mean_xcpi,9,-0.31279860415891214
5y,new_issue,full,mean_xcpi,10,-0.3364845611936151
5y,new_issue,full,median_xcpi,-10,0.0
5y,new_issue,full,median_xcpi,-9,0.0
5y,new_issue,full,median_xcpi,-8,0.012144868463834335
5y,new_issue,full,median_xcpi,-7,-0.03517870787769228
5y,new_issue,full,median_xcpi,-6,0.09618088361642141
5y,new_issue,full,median_xcpi,-5,0.058205809122502394
5y,new_issue,full,median_xcpi,-4,0.0908868265243904
5y,new_issue,full,median_xcpi,-3,0.08069625557146909
5y,new_issue,full,median_xcpi,-2,0.08017154964614359
5y,new_issue,full,median_xcpi,-1,0.015865522257113573
5y,new_issue,full,median_xcpi,0,-0.5188440123195658
5y,new_issue,full,median_xcpi,1,-0.5785694507311971
5y,new_issue,full,median_xcpi,2,-0.6994809048742966
5y,new_issue,full,median_xcpi,3,-0.6518512111907057
5y,new_issue,full,median_xcpi,4,-0.7322039922798577
5y,new_issue,full,median_xcpi,5,-0.7063410226772285
5y,new_issue,full,median_xcpi,6,-0.7451883311696327
5y,new_issue,full,median_xcpi,7,-0.8606810919417285
5y,new_issue,full,median_xcpi,8,-0.8842527851531723
5y,new_issue,full,median_xcpi,9,-0.8357033204885818
5y,new_issue,full,median_xcpi,10,-0.8949348027912348
5y,new_issue,full,mean_raw,-10,0.0
5y,new_issue,full,mean_raw,-9,0.04413721493571027
5y,new_issue,full,mean_raw,-8,0.07931642721532771
5y,new_issue,full,mean_raw,-7,0.13151842942528133
5y,new_issue,full,mean_raw,-6,0.16603607719235106
5y,new_issue,full,mean_raw,-5,0.1573078042709585
5y,new_issue,full,mean_raw,-4,0.21691085058529008
5y,new_issue,full,mean_raw,-3,0.27808665990819686
5y,new_issue,full,mean_raw,-2,0.3431119783764653
5y,new_issue,full,mean_raw,-1,0.2997957395827087
5y,new_issue,full,mean_raw,0,0.05328196439253852
5y,new_issue,full,mean_raw,1,-0.07234128593839584
5y,new_issue,full,mean_raw,2,-0.2299223500938599
5y,new_issue,full,mean_raw,3,-0.20770585424709836
5y,new_issue,full,mean_raw,4,-0.281526562270741
5y,new_issue,full,mean_raw,5,-0.3859654475547636
5y,new_issue,full,mean_raw,6,-0.32516852290934867
5y,new_issue,full,mean_raw,7,-0.35395629156518116
5y,new_issue,full,mean_raw,8,-0.32337346058492183
5y,new_issue,full,mean_raw,9,-0.2860365136605703
5y,new_issue,full,mean_raw,10,-0.30972247069527326
5y,new_issue,full,mean_z,-10,0.0
5y,new_issue,full,mean_z,-9,0.1796526395231009
5y,new_issue,full,mean_z,-8,0.18707976820114075
5y,new_issue,full,mean_z,-7,0.2170675636788651
5y,new_issue,full,mean_z,-6,0.24069265310192187
5y,new_issue,full,mean_z,-5,0.2894796388704492
5y,new_issue,full,mean_z,-4,0.4279837371674146
5y,new_issue,full,mean_z,-3,0.352906275073203
5y,new_issue,full,mean_z,-2,0.39673886604212477
5y,new_issue,full,mean_z,-1,0.37406790228809833
5y,new_issue,full,mean_z,0,-17.159790590235826
5y,new_issue,full,mean_z,1,-21.177895778651173
5y,new_issue,full,mean_z,2,-25.308838495395854
5y,new_issue,full,mean_z,3,-15.744720515426312
5y,new_issue,full,mean_z,4,-10.704081685597831
5y,new_issue,full,mean_z,5,-15.620773537397785
5y,new_issue,full,mean_z,6,-21.90446514419353
5y,new_issue,full,mean_z,7,-17.924996195746974
5y,new_issue,full,mean_z,8,-22.72964373590861
5y,new_issue,full,mean_z,9,-18.606248360463237
5y,new_issue,full,mean_z,10,-22.093459060236786
5y,new_issue,full,ci_lo,-10,0.0
5y,new_issue,full,ci_lo,-9,-0.07219395743167689
5y,new_issue,full,ci_lo,-8,-0.07507236548724563
5y,new_issue,full,ci_lo,-7,-0.0811093654989868
5y,new_issue,full,ci_lo,-6,-0.07592354970365571
5y,new_issue,full,ci_lo,-5,-0.10426976300821547
5y,new_issue,full,ci_lo,-4,-0.03795423848825878
5y,new_issue,full,ci_lo,-3,-0.08002108077450296
5y,new_issue,full,ci_lo,-2,-0.02827973813460891
5y,new_issue,full,ci_lo,-1,-0.05352493919659763
5y,new_issue,full,ci_lo,0,-0.6851545998384022
5y,new_issue,full,ci_lo,1,-0.8283879658682637
5y,new_issue,full,ci_lo,2,-0.9965323399446522
5y,new_issue,full,ci_lo,3,-0.9823386927581227
5y,new_issue,full,ci_lo,4,-1.067397471626127
5y,new_issue,full,ci_lo,5,-1.051276165760253
5y,new_issue,full,ci_lo,6,-1.0231952821526926
5y,new_issue,full,ci_lo,7,-1.0615202580842076
5y,new_issue,full,ci_lo,8,-1.02465511972371
5y,new_issue,full,ci_lo,9,-1.0393316504710057
5y,new_issue,full,ci_lo,10,-1.0525846679793012
5y,new_issue,full,ci_hi,-10,0.0
5y,new_issue,full,ci_hi,-9,0.14695201687957626
5y,new_issue,full,ci_hi,-8,0.22611211074609294
5y,new_issue,full,ci_hi,-7,0.33634614154956716
5y,new_issue,full,ci_hi,-6,0.4120173689733471
5y,new_issue,full,ci_hi,-5,0.4727674326219365
5y,new_issue,full,ci_hi,-4,0.43074424957288565
5y,new_issue,full,ci_hi,-3,0.6159394771746594
5y,new_issue,full,ci_hi,-2,0.747831235641461
5y,new_issue,full,ci_hi,-1,0.6396598661046048
5y,new_issue,full,ci_hi,0,0.8645322061859
5y,new_issue,full,ci_hi,1,0.7981556077444627
5y,new_issue,full,ci_hi,2,0.6314209757768924
5y,new_issue,full,ci_hi,3,0.7131767728218205
5y,new_issue,full,ci_hi,4,0.6582359656253725
5y,new_issue,full,ci_hi,5,0.4212534912976133
5y,new_issue,full,ci_hi,6,0.4788044929686855
5y,new_issue,full,ci_hi,7,0.46392127823888196
5y,new_issue,full,ci_hi,8,0.4755908324374318
5y,new_issue,full,ci_hi,9,0.6070119831584926
5y,new_issue,full,ci_hi,10,0.5654176715050937
5y,new_issue,train,mean_xcpi,-10,0.0
5y,new_issue,train,mean_xcpi,-9,-0.012741784303770487
5y,new_issue,train,mean_xcpi,-8,0.06725803001902468
5y,new_issue,train,mean_xcpi,-7,0.1605864920556241
5y,new_issue,train,mean_xcpi,-6,0.11493129396899453
5y,new_issue,train,mean_xcpi,-5,0.04777011821765198
5y,new_issue,train,mean_xcpi,-4,0.06693834979791186
5y,new_issue,train,mean_xcpi,-3,0.21698993826828575
5y,new_issue,train,mean_xcpi,-2,0.2818249082253208
5y,new_issue,train,mean_xcpi,-1,0.3023260216664179
5y,new_issue,train,mean_xcpi,0,0.060507225059312886
5y,new_issue,train,mean_xcpi,1,-0.057411260496301166
5y,new_issue,train,mean_xcpi,2,-0.2883961386674165
5y,new_issue,train,mean_xcpi,3,-0.26598823563212726
5y,new_issue,train,mean_xcpi,4,-0.43326338413802185
5y,new_issue,train,mean_xcpi,5,-0.6131875787535571
5y,new_issue,train,mean_xcpi,6,-0.505173304131238
5y,new_issue,train,mean_xcpi,7,-0.57954903011805
5y,new_issue,train,mean_xcpi,8,-0.5327163455421604
5y,new_issue,train,mean_xcpi,9,-0.4306883972987839
5y,new_issue,train,mean_xcpi,10,-0.5296002821890067
5y,new_issue,train,median_xcpi,-10,0.0
5y,new_issue,train,median_xcpi,-9,-0.028960162724834815
5y,new_issue,train,median_xcpi,-8,-0.06521287213153881
5y,new_issue,train,median_xcpi,-7,-0.04603933240509406
5y,new_issue,train,median_xcpi,-6,0.012166061982687992
5y,new_issue,train,median_xcpi,-5,-0.06871111862940393
5y,new_issue,train,median_xcpi,-4,-0.022241417958987375
5y,new_issue,train,median_xcpi,-3,0.012466568019400825
5y,new_issue,train,median_xcpi,-2,0.06141248895782658
5y,new_issue,train,median_xcpi,-1,0.10911554633881859
5y,new_issue,train,median_xcpi,0,-0.5844076603074213
5y,new_issue,train,median_xcpi,1,-0.6274701485677998
5y,new_issue,train,median_xcpi,2,-0.8080617376734858
5y,new_issue,train,median_xcpi,3,-0.8171616328985776
5y,new_issue,train,median_xcpi,4,-1.3617273519047823
5y,new_issue,train,median_xcpi,5,-1.0383121610139074
5y,new_issue,train,median_xcpi,6,-1.288329327865543
5y,new_issue,train,median_xcpi,7,-1.0716335985998742
5y,new_issue,train,median_xcpi,8,-1.1648529422661396
5y,new_issue,train,median_xcpi,9,-1.20609129407368
5y,new_issue,train,median_xcpi,10,-1.4646468812822238
5y,new_issue,train,mean_raw,-10,0.0
5y,new_issue,train,mean_raw,-9,-0.012741784303770487
5y,new_issue,train,mean_raw,-8,0.08084546078714405
5y,new_issue,train,mean_raw,-7,0.17417392282374353
5y,new_issue,train,mean_raw,-6,0.06252472633729338
5y,new_issue,train,mean_raw,-5,0.01990068637033916
5y,new_issue,train,mean_raw,-4,0.13531502848881688
5y,new_issue,train,mean_raw,-3,0.28536661695919086
5y,new_issue,train,mean_raw,-2,0.3215804146726313
5y,new_issue,train,mean_raw,-1,0.34208152811372833
5y,new_issue,train,mean_raw,0,0.10026273150662318
5y,new_issue,train,mean_raw,1,-0.017655754048990835
5y,new_issue,train,mean_raw,2,-0.2486406322201061
5y,new_issue,train,mean_raw,3,-0.22623272918481696
5y,new_issue,train,mean_raw,4,-0.39350787769071144
5y,new_issue,train,mean_raw,5,-0.5734320723062467
5y,new_issue,train,mean_raw,6,-0.4654177976839273
5y,new_issue,train,mean_raw,7,-0.5397935236707395
5y,new_issue,train,mean_raw,8,-0.49296083909484983
5y,new_issue,train,mean_raw,9,-0.3909328908514733
5y,new_issue,train,mean_raw,10,-0.4898447757416962
5y,new_issue,train,mean_z,-10,0.0
5y,new_issue,train,mean_z,-9,0.07684493474636751
5y,new_issue,train,mean_z,-8,0.2419562565087431
5y,new_issue,train,mean_z,-7,0.3961785997428797
5y,new_issue,train,mean_z,-6,0.14669289817803258
5y,new_issue,train,mean_z,-5,0.2707207835492516
5y,new_issue,train,mean_z,-4,0.41045270732717537
5y,new_issue,train,mean_z,-3,0.6095025405821114
5y,new_issue,train,mean_z,-2,0.6048853287720602
5y,new_issue,train,mean_z,-1,0.6715467199259012
5y,new_issue,train,mean_z,0,-39.30390768394194
5y,new_issue,train,mean_z,1,-48.341282995525376
5y,new_issue,train,mean_z,2,-57.65625852990734
5y,new_issue,train,mean_z,3,-35.41869983532156
5y,new_issue,train,mean_z,4,-23.64445929629582
5y,new_issue,train,mean_z,5,-34.86633399706365
5y,new_issue,train,mean_z,6,-49.51790388997043
5y,new_issue,train,mean_z,7,-40.17129925305593
5y,new_issue,train,mean_z,8,-51.434755144317386
5y,new_issue,train,mean_z,9,-41.87655568078156
5y,new_issue,train,mean_z,10,-50.10258007686105
5y,new_issue,train,ci_lo,-10,0.0
5y,new_issue,train,ci_lo,-9,-0.23430042963594527
5y,new_issue,train,ci_lo,-8,-0.22106744639301898
5y,new_issue,train,ci_lo,-7,-0.24192643976417932
5y,new_issue,train,ci_lo,-6,-0.306879727661124
5y,new_issue,train,ci_lo,-5,-0.3518753979880824
5y,new_issue,train,ci_lo,-4,-0.27847970382456727
5y,new_issue,train,ci_lo,-3,-0.3657142915824634
5y,new_issue,train,ci_lo,-2,-0.25295346368822147
5y,new_issue,train,ci_lo,-1,-0.3101191507274726
5y,new_issue,train,ci_lo,0,-1.292208134920687
5y,new_issue,train,ci_lo,1,-1.4583867828384347
5y,new_issue,train,ci_lo,2,-1.7199887152002196
5y,new_issue,train,ci_lo,3,-1.7371895803292583
5y,new_issue,train,ci_lo,4,-1.8994267388668138
5y,new_issue,train,ci_lo,5,-1.9250748603820782
5y,new_issue,train,ci_lo,6,-1.8391628329720702
5y,new_issue,train,ci_lo,7,-1.9428518007932198
5y,new_issue,train,ci_lo,8,-1.8684170672323128
5y,new_issue,train,ci_lo,9,-1.9029919732280867
5y,new_issue,train,ci_lo,10,-1.9401103894328575
5y,new_issue,train,ci_hi,-10,0.0
5y,new_issue,train,ci_hi,-9,0.22609455812444249
5y,new_issue,train,ci_hi,-8,0.39850053026185067
5y,new_issue,train,ci_hi,-7,0.6383310145159098
5y,new_issue,train,ci_hi,-6,0.6006440697264595
5y,new_issue,train,ci_hi,-5,0.5232579239761027
5y,new_issue,train,ci_hi,-4,0.4278719047756778
5y,new_issue,train,ci_hi,-3,0.8284731889777308
5y,new_issue,train,ci_hi,-2,0.797947103432321
5y,new_issue,train,ci_hi,-1,0.8919761169832091
5y,new_issue,train,ci_hi,0,1.6846675916148681
5y,new_issue,train,ci_hi,1,1.884239033786888
5y,new_issue,train,ci_hi,2,1.5824367744738213
5y,new_issue,train,ci_hi,3,1.7627717200060726
5y,new_issue,train,ci_hi,4,1.6449537662869387
5y,new_issue,train,ci_hi,5,1.0907341648931128
5y,new_issue,train,ci_hi,6,1.3379069015310965
5y,new_issue,train,ci_hi,7,1.3130767663027465
5y,new_issue,train,ci_hi,8,1.309228143024602
5y,new_issue,train,ci_hi,9,1.6148696124378121
5y,new_issue,train,ci_hi,10,1.482593170830858
5y,new_issue,holdout,mean_xcpi,-10,0.0
5y,new_issue,holdout,mean_xcpi,-9,0.07180043708031365
5y,new_issue,holdout,mean_xcpi,-8,0.06317362475145827
5y,new_issue,holdout,mean_xcpi,-7,0.05774221520783543
5y,new_issue,holdout,mean_xcpi,-6,0.17425759076056443
5y,new_issue,holdout,mean_xcpi,-5,0.2415225593519398
5y,new_issue,holdout,mean_xcpi,-4,0.2592671338131618
5y,new_issue,holdout,mean_xcpi,-3,0.25378610877546814
5y,new_issue,holdout,mean_xcpi,-2,0.3404200678098578
5y,new_issue,holdout,mean_xcpi,-1,0.24924081483996086
5y,new_issue,holdout,mean_xcpi,0,-0.000794194287508071
5y,new_issue,holdout,mean_xcpi,1,-0.13037246339206499
5y,new_issue,holdout,mean_xcpi,2,-0.23290066703579068
5y,new_issue,holdout,mean_xcpi,3,-0.21082772658042476
5y,new_issue,holdout,mean_xcpi,4,-0.21455760424237852
5y,new_issue,holdout,mean_xcpi,5,-0.2623825075277665
5y,new_issue,holdout,mean_xcpi,6,-0.23699859536502987
5y,new_issue,holdout,mean_xcpi,7,-0.23159539602262783
5y,new_issue,holdout,mean_xcpi,8,-0.21319995523909124
5y,new_issue,holdout,mean_xcpi,9,-0.2243812593040083
5y,new_issue,holdout,mean_xcpi,10,-0.19164777044707135
5y,new_issue,holdout,median_xcpi,-10,0.0
5y,new_issue,holdout,median_xcpi,-9,0.042920417221337104
5y,new_issue,holdout,median_xcpi,-8,0.07157406016615897
5y,new_issue,holdout,median_xcpi,-7,-0.006072830233722071
5y,new_issue,holdout,median_xcpi,-6,0.13749483100166782
5y,new_issue,holdout,median_xcpi,-5,0.1762311772934233
5y,new_issue,holdout,median_xcpi,-4,0.19270748732189147
5y,new_issue,holdout,median_xcpi,-3,0.11710810330573529
5y,new_issue,holdout,median_xcpi,-2,0.135730950980395
5y,new_issue,holdout,median_xcpi,-1,-0.021560846854079663
5y,new_issue,holdout,median_xcpi,0,-0.33784790509609475
5y,new_issue,holdout,median_xcpi,1,-0.33178095760725834
5y,new_issue,holdout,median_xcpi,2,-0.3689096033746564
5y,new_issue,holdout,median_xcpi,3,-0.42340908509957975
5y,new_issue,holdout,median_xcpi,4,-0.4388124500832369
5y,new_issue,holdout,median_xcpi,5,-0.39251830750795935
5y,new_issue,holdout,median_xcpi,6,-0.4195476012546162
5y,new_issue,holdout,median_xcpi,7,-0.48725891286495737
5y,new_issue,holdout,median_xcpi,8,-0.4242799795959873
5y,new_issue,holdout,median_xcpi,9,-0.4188112668333521
5y,new_issue,holdout,median_xcpi,10,-0.5069287864257976
5y,new_issue,holdout,mean_raw,-10,0.0
5y,new_issue,holdout,mean_raw,-9,0.08679646436532083
5y,new_issue,holdout,mean_raw,-8,0.07816965203646545
5y,new_issue,holdout,mean_raw,-7,0.09952680937643471
5y,new_issue,holdout,mean_raw,-6,0.24366959033364444
5y,new_issue,holdout,mean_raw,-5,0.26036314269642297
5y,new_issue,holdout,mean_raw,-4,0.27810771715764504
5y,new_issue,holdout,mean_raw,-3,0.2726266921199514
5y,new_issue,holdout,mean_raw,-2,0.35926065115434114
5y,new_issue,holdout,mean_raw,-1,0.268081398184444
5y,new_issue,holdout,mean_raw,0,0.018046389056975004
5y,new_issue,holdout,mean_raw,1,-0.1133554348554496
5y,new_issue,holdout,mean_raw,2,-0.21588363849917533
5y,new_issue,holdout,mean_raw,3,-0.19381069804380938
5y,new_issue,holdout,mean_raw,4,-0.19754057570576317
5y,new_issue,holdout,mean_raw,5,-0.24536547899115116
5y,new_issue,holdout,mean_raw,6,-0.2199815668284145
5y,new_issue,holdout,mean_raw,7,-0.21457836748601247
5y,new_issue,holdout,mean_raw,8,-0.19618292670247586
5y,new_issue,holdout,mean_raw,9,-0.2073642307673929
5y,new_issue,holdout,mean_raw,10,-0.17463074191045602
5y,new_issue,holdout,mean_z,-10,0.0
5y,new_issue,holdout,mean_z,-9,0.25675841810565087
5y,new_issue,holdout,mean_z,-8,0.1459224019704389
5y,new_issue,holdout,mean_z,-7,0.08273428663085416
5y,new_issue,holdout,mean_z,-6,0.3111924692948388
5y,new_issue,holdout,mean_z,-5,0.3035487803613473
5y,new_issue,holdout,mean_z,-4,0.441132009547594
5y,new_issue,holdout,mean_z,-3,0.160459075941522
5y,new_issue,holdout,mean_z,-2,0.2406290189946731
5y,new_issue,holdout,mean_z,-1,0.15095878905974625
5y,new_issue,holdout,mean_z,0,-0.5517027699562451
5y,new_issue,holdout,mean_z,1,-0.8053553659955345
5y,new_issue,holdout,mean_z,2,-1.0482734695122355
5y,new_issue,holdout,mean_z,3,-0.9892360255048787
5y,new_issue,holdout,mean_z,4,-0.9987984775743473
5y,new_issue,holdout,mean_z,5,-1.1866031926483864
5y,new_issue,holdout,mean_z,6,-1.1943860848608692
5y,new_issue,holdout,mean_z,7,-1.2402689027652634
5y,new_issue,holdout,mean_z,8,-1.2008101796020334
5y,new_issue,holdout,mean_z,9,-1.1535178702244968
5y,new_issue,holdout,mean_z,10,-1.0866182977685783
5y,new_issue,holdout,ci_lo,-10,0.0
5y,new_issue,holdout,ci_lo,-9,-0.008927590657351147
5y,new_issue,holdout,ci_lo,-8,-0.05981913790450761
5y,new_issue,holdout,ci_lo,-7,-0.08844215466226286
5y,new_issue,holdout,ci_lo,-6,-0.06798917600062192
5y,new_issue,holdout,ci_lo,-5,-0.08628007253313812
5y,new_issue,holdout,ci_lo,-4,-0.025285007674741844
5y,new_issue,holdout,ci_lo,-3,-0.11079165125975404
5y,new_issue,holdout,ci_lo,-2,-0.09293454545747962
5y,new_issue,holdout,ci_lo,-1,-0.11505142245384531
5y,new_issue,holdout,ci_lo,0,-0.6582117126615457
5y,new_issue,holdout,ci_lo,1,-0.7640447297509312
5y,new_issue,holdout,ci_lo,2,-0.9098947517140087
5y,new_issue,holdout,ci_lo,3,-0.881834121811482
5y,new_issue,holdout,ci_lo,4,-0.8587480783057017
5y,new_issue,holdout,ci_lo,5,-0.7950092794950954
5y,new_issue,holdout,ci_lo,6,-0.7550460081760425
5y,new_issue,holdout,ci_lo,7,-0.7440324637284547
5y,new_issue,holdout,ci_lo,8,-0.7148035267286188
5y,new_issue,holdout,ci_lo,9,-0.797610035852371
5y,new_issue,holdout,ci_lo,10,-0.7569244754025334
5y,new_issue,holdout,ci_hi,-10,0.0
5y,new_issue,holdout,ci_hi,-9,0.15591224140361964
5y,new_issue,holdout,ci_hi,-8,0.17563439831911995
5y,new_issue,holdout,ci_hi,-7,0.19473256088328902
5y,new_issue,holdout,ci_hi,-6,0.4493843801549892
5y,new_issue,holdout,ci_hi,-5,0.6663516968614572
5y,new_issue,holdout,ci_hi,-4,0.6293110327576246
5y,new_issue,holdout,ci_hi,-3,0.74046039893261
5y,new_issue,holdout,ci_hi,-2,0.9936862639486174
5y,new_issue,holdout,ci_hi,-1,0.7505051965997589
5y,new_issue,holdout,ci_hi,0,0.767734649020513
5y,new_issue,holdout,ci_hi,1,0.5676818355758646
5y,new_issue,holdout,ci_hi,2,0.49233298002312303
5y,new_issue,holdout,ci_hi,3,0.4913917141888316
5y,new_issue,holdout,ci_hi,4,0.4508235623308394
5y,new_issue,holdout,ci_hi,5,0.2988812821321658
5y,new_issue,holdout,ci_hi,6,0.3333518919177911
5y,new_issue,holdout,ci_hi,7,0.33641459671515295
5y,new_issue,holdout,ci_hi,8,0.3319501014613862
5y,new_issue,holdout,ci_hi,9,0.37363505734821767
5y,new_issue,holdout,ci_hi,10,0.4163685345380133
5y,reopen,full,mean_xcpi,-10,0.0
5y,reopen,full,mean_xcpi,-9,-0.038582569734371075
5y,reopen,full,mean_xcpi,-8,0.426002799481589
5y,reopen,full,mean_xcpi,-7,0.41545668066125635
5y,reopen,full,mean_xcpi,-6,0.2086407257458405
5y,reopen,full,mean_xcpi,-5,0.03279900171799152
5y,reopen,full,mean_xcpi,-4,0.09583268094085963
5y,reopen,full,mean_xcpi,-3,-0.22009239027152921
5y,reopen,full,mean_xcpi,-2,0.32125709250947027
5y,reopen,full,mean_xcpi,-1,-0.7581542851515323
5y,reopen,full,mean_xcpi,0,-0.39033378328362656
5y,reopen,full,mean_xcpi,1,-0.4311652884145818
5y,reopen,full,mean_xcpi,2,-0.6693803088796803
5y,reopen,full,mean_xcpi,3,-0.6955641748883564
5y,reopen,full,mean_xcpi,4,-1.0500822716259361
5y,reopen,full,mean_xcpi,5,-1.5061011042139598
5y,reopen,full,mean_xcpi,6,-1.5894327936708432
5y,reopen,full,mean_xcpi,7,-1.3401808272593867
5y,reopen,full,mean_xcpi,8,-1.3607980543931575
5y,reopen,full,mean_xcpi,9,-1.1272610415323687
5y,reopen,full,mean_xcpi,10,-1.1042586628147741
5y,reopen,full,median_xcpi,-10,0.0
5y,reopen,full,median_xcpi,-9,0.029965108619429692
5y,reopen,full,median_xcpi,-8,0.12857256053129884
5y,reopen,full,median_xcpi,-7,0.19099976427943144
5y,reopen,full,median_xcpi,-6,0.019584149038201826
5y,reopen,full,median_xcpi,-5,-0.009821968373588508
5y,reopen,full,median_xcpi,-4,0.11726894550994071
5y,reopen,full,median_xcpi,-3,0.2524289669729618
5y,reopen,full,median_xcpi,-2,0.23626505135216913
5y,reopen,full,median_xcpi,-1,0.2884101984171994
5y,reopen,full,median_xcpi,0,0.2924025392351086
5y,reopen,full,median_xcpi,1,0.4364306482662368
5y,reopen,full,median_xcpi,2,0.2195671106631769
5y,reopen,full,median_xcpi,3,0.3321805253634236
5y,reopen,full,median_xcpi,4,0.4161249521373316
5y,reopen,full,median_xcpi,5,0.4308735729606772
5y,reopen,full,median_xcpi,6,0.39505896538302165
5y,reopen,full,median_xcpi,7,0.4229057268480996
5y,reopen,full,median_xcpi,8,0.4019757091971221
5y,reopen,full,median_xcpi,9,0.621458517281448
5y,reopen,full,median_xcpi,10,0.5934953205277149
5y,reopen,full,mean_raw,-10,0.0
5y,reopen,full,mean_raw,-9,-0.03357424315880536
5y,reopen,full,mean_raw,-8,0.4357231904568412
5y,reopen,full,mean_raw,-7,0.21573732019278005
5y,reopen,full,mean_raw,-6,0.11944992245327202
5y,reopen,full,mean_raw,-5,-0.055326765399550996
5y,reopen,full,mean_raw,-4,0.0035199905320970224
5y,reopen,full,mean_raw,-3,-0.31240508068029177
5y,reopen,full,mean_raw,-2,0.2055169099407158
5y,reopen,full,mean_raw,-1,-0.8813413092544657
5y,reopen,full,mean_raw,0,-0.5769808923658895
5y,reopen,full,mean_raw,1,-0.6388807263236543
5y,reopen,full,mean_raw,2,-0.8770957467887524
5y,reopen,full,mean_raw,3,-0.9032796127974286
5y,reopen,full,mean_raw,4,-1.257797709535008
5y,reopen,full,mean_raw,5,-1.7138165421230325
5y,reopen,full,mean_raw,6,-1.7971482315799143
5y,reopen,full,mean_raw,7,-1.5478962651684591
5y,reopen,full,mean_raw,8,-1.5685134923022301
5y,reopen,full,mean_raw,9,-1.3349764794414416
5y,reopen,full,mean_raw,10,-1.3119741007238461
5y,reopen,full,mean_z,-10,0.0
5y,reopen,full,mean_z,-9,0.07567601931117632
5y,reopen,full,mean_z,-8,0.7620196458734841
5y,reopen,full,mean_z,-7,0.8246493860759374
5y,reopen,full,mean_z,-6,0.24705209940966716
5y,reopen,full,mean_z,-5,0.43171107711777545
5y,reopen,full,mean_z,-4,0.5366202305469694
5y,reopen,full,mean_z,-3,0.10856724604958301
5y,reopen,full,mean_z,-2,0.8517498895643567
5y,reopen,full,mean_z,-1,-0.6542247620989072
5y,reopen,full,mean_z,0,-0.22943632113516574
5y,reopen,full,mean_z,1,-0.39209045038466617
5y,reopen,full,mean_z,2,-1.0805724673715347
5y,reopen,full,mean_z,3,-1.0930849630391797
5y,reopen,full,mean_z,4,-1.286927362793693
5y,reopen,full,mean_z,5,-1.7739895023557712
5y,reopen,full,mean_z,6,-2.03578736420894
5y,reopen,full,mean_z,7,-1.7647070980368322
5y,reopen,full,mean_z,8,-1.6510992505701374
5y,reopen,full,mean_z,9,-0.9917441600366859
5y,reopen,full,mean_z,10,-0.6729442151221094
5y,reopen,full,ci_lo,-10,0.0
5y,reopen,full,ci_lo,-9,-0.2787775451849676
5y,reopen,full,ci_lo,-8,0.03400444873298682
5y,reopen,full,ci_lo,-7,-0.007616528773150324
5y,reopen,full,ci_lo,-6,-0.17828096155728201
5y,reopen,full,ci_lo,-5,-0.42114238932997966
5y,reopen,full,ci_lo,-4,-0.2921596965227106
5y,reopen,full,ci_lo,-3,-1.5792434991546842
5y,reopen,full,ci_lo,-2,-0.07744633308913623
5y,reopen,full,ci_lo,-1,-3.220670315357082
5y,reopen,full,ci_lo,0,-2.0550706766096147
5y,reopen,full,ci_lo,1,-2.308566500392105
5y,reopen,full,ci_lo,2,-2.5998563634787106
5y,reopen,full,ci_lo,3,-2.831896881457874
5y,reopen,full,ci_lo,4,-3.9517304652702077
5y,reopen,full,ci_lo,5,-5.280270711814182
5y,reopen,full,ci_lo,6,-5.373750716487524
5y,reopen,full,ci_lo,7,-4.730490697577656
5y,reopen,full,ci_lo,8,-4.84207486195319
5y,reopen,full,ci_lo,9,-4.587473607213983
5y,reopen,full,ci_lo,10,-4.712782599247033
5y,reopen,full,ci_hi,-10,0.0
5y,reopen,full,ci_hi,-9,0.169484485884089
5y,reopen,full,ci_hi,-8,1.0001856680822812
5y,reopen,full,ci_hi,-7,0.995758788931179
5y,reopen,full,ci_hi,-6,0.7066716224083446
5y,reopen,full,ci_hi,-5,0.44398648864943374
5y,reopen,full,ci_hi,-4,0.4625091180453161
5y,reopen,full,ci_hi,-3,0.7419087661697334
5y,reopen,full,ci_hi,-2,0.7177534540458441
5y,reopen,full,ci_hi,-1,0.7718507041501408
5y,reopen,full,ci_hi,0,0.7117216386468503
5y,reopen,full,ci_hi,1,0.8302279281596169
5y,reopen,full,ci_hi,2,0.5526724693221202
5y,reopen,full,ci_hi,3,0.7016375056885025
5y,reopen,full,ci_hi,4,0.7689208134893559
5y,reopen,full,ci_hi,5,0.6938383320646029
5y,reopen,full,ci_hi,6,0.5813228134587713
5y,reopen,full,ci_hi,7,0.7427396935245872
5y,reopen,full,ci_hi,8,0.7324891904955356
5y,reopen,full,ci_hi,9,0.9899175551674891
5y,reopen,full,ci_hi,10,1.0564050598624817
5y,reopen,train,mean_xcpi,-10,0.0
5y,reopen,train,mean_xcpi,-9,-0.1944962870392598
5y,reopen,train,mean_xcpi,-8,0.715644707428218
5y,reopen,train,mean_xcpi,-7,0.6320584437665471
5y,reopen,train,mean_xcpi,-6,0.418775012776281
5y,reopen,train,mean_xcpi,-5,-0.07780616826912301
5y,reopen,train,mean_xcpi,-4,0.09082801402568066
5y,reopen,train,mean_xcpi,-3,-0.5196949792467748
5y,reopen,train,mean_xcpi,-2,0.4994155715854134
5y,reopen,train,mean_xcpi,-1,-1.5533761293479624
5y,reopen,train,mean_xcpi,0,-0.7824113998095087
5y,reopen,train,mean_xcpi,1,-0.7736560045869196
5y,reopen,train,mean_xcpi,2,-1.0644392311385846
5y,reopen,train,mean_xcpi,3,-1.2008595694904711
5y,reopen,train,mean_xcpi,4,-1.828350458225557
5y,reopen,train,mean_xcpi,5,-2.5969202831702227
5y,reopen,train,mean_xcpi,6,-2.7378057969111054
5y,reopen,train,mean_xcpi,7,-2.239448072322771
5y,reopen,train,mean_xcpi,8,-2.2933841453774515
5y,reopen,train,mean_xcpi,9,-1.995873950490273
5y,reopen,train,mean_xcpi,10,-2.0254151862806586
5y,reopen,train,median_xcpi,-10,0.0
5y,reopen,train,median_xcpi,-9,0.020175829873965156
5y,reopen,train,median_xcpi,-8,0.1827464121994451
5y,reopen,train,median_xcpi,-7,0.32638459624918337
5y,reopen,train,median_xcpi,-6,0.24992144085267487
5y,reopen,train,median_xcpi,-5,0.3678946855014882
5y,reopen,train,median_xcpi,-4,0.4378288768145273
5y,reopen,train,median_xcpi,-3,0.6130768213237312
5y,reopen,train,median_xcpi,-2,0.799177260613595
5y,reopen,train,median_xcpi,-1,0.6686458514396683
5y,reopen,train,median_xcpi,0,0.8067803631079338
5y,reopen,train,median_xcpi,1,0.7567567082886493
5y,reopen,train,median_xcpi,2,0.727075429760232
5y,reopen,train,median_xcpi,3,0.5108920068066909
5y,reopen,train,median_xcpi,4,0.699175315697814
5y,reopen,train,median_xcpi,5,0.7290186545952531
5y,reopen,train,median_xcpi,6,0.5949652306251787
5y,reopen,train,median_xcpi,7,0.7249605500789236
5y,reopen,train,median_xcpi,8,0.800739336279682
5y,reopen,train,median_xcpi,9,1.2691611071804632
5y,reopen,train,median_xcpi,10,1.6262658079854164
5y,reopen,train,mean_raw,-10,0.0
5y,reopen,train,mean_raw,-9,-0.22313208061463222
5y,reopen,train,mean_raw,-8,0.6870089138528456
5y,reopen,train,mean_raw,-7,0.18909338181226076
5y,reopen,train,mean_raw,-6,0.14682635392292037
5y,reopen,train,mean_raw,-5,-0.3322853067851833
5y,reopen,train,mean_raw,-4,-0.17229112661311177
5y,reopen,train,mean_raw,-3,-0.7828141198855672
5y,reopen,train,mean_raw,-2,0.19204450131108075
5y,reopen,train,mean_raw,-1,-1.8748134558535219
5y,reopen,train,mean_raw,0,-1.2157346554642774
5y,reopen,train,mean_raw,1,-1.246774992470107
5y,reopen,train,mean_raw,2,-1.537558219021771
5y,reopen,train,mean_raw,3,-1.6739785573736574
5y,reopen,train,mean_raw,4,-2.3014694461087437
5y,reopen,train,mean_raw,5,-3.0700392710534103
5y,reopen,train,mean_raw,6,-3.2109247847942908
5y,reopen,train,mean_raw,7,-2.7125670602059575
5y,reopen,train,mean_raw,8,-2.7665031332606387
5y,reopen,train,mean_raw,9,-2.46899293837346
5y,reopen,train,mean_raw,10,-2.498534174163845
5y,reopen,train,mean_z,-10,0.0
5y,reopen,train,mean_z,-9,-0.30921441236790986
5y,reopen,train,mean_z,-8,1.1074687924935607
5y,reopen,train,mean_z,-7,1.08569486976788
5y,reopen,train,mean_z,-6,0.7318523710852403
5y,reopen,train,mean_z,-5,0.3406427096127676
5y,reopen,train,mean_z,-4,0.6743029027546991
5y,reopen,train,mean_z,-3,-0.11288825007053784
5y,reopen,train,mean_z,-2,1.3446256807683947
5y,reopen,train,mean_z,-1,-1.5436844572459902
5y,reopen,train,mean_z,0,-0.4693288141619399
5y,reopen,train,mean_z,1,-0.18527683941944367
5y,reopen,train,mean_z,2,-0.7049716385802447
5y,reopen,train,mean_z,3,-1.205755627443788
5y,reopen,train,mean_z,4,-1.8524004310192508
5y,reopen,train,mean_z,5,-2.4859496626465885
5y,reopen,train,mean_z,6,-2.8237075666224505
5y,reopen,train,mean_z,7,-2.2514182430374423
5y,reopen,train,mean_z,8,-1.9679896659598404
5y,reopen,train,mean_z,9,-1.4056601861383522
5y,reopen,train,mean_z,10,-1.1349631343610156
5y,reopen,train,ci_lo,-10,0.0
5y,reopen,train,ci_lo,-9,-0.5913599134963807
5y,reopen,train,ci_lo,-8,0.0768560723160649
5y,reopen,train,ci_lo,-7,-0.12423494514226908
5y,reopen,train,ci_lo,-6,-0.24826972292079239
5y,reopen,train,ci_lo,-5,-0.8875787567975847
5y,reopen,train,ci_lo,-4,-0.5578783345712071
5y,reopen,train,ci_lo,-3,-2.9018451534803233
5y,reopen,train,ci_lo,-2,-0.15719103501678372
5y,reopen,train,ci_lo,-1,-5.961745520747247
5y,reopen,train,ci_lo,0,-3.7181435222987425
5y,reopen,train,ci_lo,1,-4.0880773527644365
5y,reopen,train,ci_lo,2,-4.421722663935388
5y,reopen,train,ci_lo,3,-4.971415653727144
5y,reopen,train,ci_lo,4,-7.015804370459867
5y,reopen,train,ci_lo,5,-9.384281606970974
5y,reopen,train,ci_lo,6,-9.532944289028272
5y,reopen,train,ci_lo,7,-8.351708841451263
5y,reopen,train,ci_lo,8,-8.510337401668698
5y,reopen,train,ci_lo,9,-8.221223488291365
5y,reopen,train,ci_lo,10,-8.507647450132396
5y,reopen,train,ci_hi,-10,0.0
5y,reopen,train,ci_hi,-9,0.12972690313504326
5y,reopen,train,ci_hi,-8,1.6345238569844902
5y,reopen,train,ci_hi,-7,1.605804858799954
5y,reopen,train,ci_hi,-6,1.238714350443197
5y,reopen,train,ci_hi,-5,0.5897761003830851
5y,reopen,train,ci_hi,-4,0.6882429442373877
5y,reopen,train,ci_hi,-3,1.1602680467775563
5y,reopen,train,ci_hi,-2,1.0773679385911292
5y,reopen,train,ci_hi,-1,1.273139333057881
5y,reopen,train,ci_hi,0,1.1899385734965902
5y,reopen,train,ci_hi,1,1.4945527447609785
5y,reopen,train,ci_hi,2,1.0906696421378168
5y,reopen,train,ci_hi,3,1.296926151645078
5y,reopen,train,ci_hi,4,1.3960284584299465
5y,reopen,train,ci_hi,5,1.3476912837261446
5y,reopen,train,ci_hi,6,1.225854969684378
5y,reopen,train,ci_hi,7,1.4680354514706735
5y,reopen,train,ci_hi,8,1.450456209825289
5y,reopen,train,ci_hi,9,1.8666828876729125
5y,reopen,train,ci_hi,10,1.8944420270202786
5y,reopen,holdout,mean_xcpi,-10,0.0
5y,reopen,holdout,mean_xcpi,-9,0.13682036223362876
5y,reopen,holdout,mean_xcpi,-8,0.10015565304163146
5y,reopen,holdout,mean_xcpi,-7,0.17177969716780406
5y,reopen,holdout,mean_xcpi,-6,-0.027760347163404975
5y,reopen,holdout,mean_xcpi,-5,0.1572298179534954
5y,reopen,holdout,mean_xcpi,-4,0.10146293122043601
5y,reopen,holdout,mean_xcpi,-3,0.11696052232562204
5y,reopen,holdout,mean_xcpi,-2,0.12082880354903433
5y,reopen,holdout,mean_xcpi,-1,0.13647028956945137
5y,reopen,holdout,mean_xcpi,0,0.05075353530799104
5y,reopen,holdout,mean_xcpi,1,-0.04586323272070189
5y,reopen,holdout,mean_xcpi,2,-0.22493902133841298
5y,reopen,holdout,mean_xcpi,3,-0.12710685596097754
5y,reopen,holdout,mean_xcpi,4,-0.17453056170136214
5y,reopen,holdout,mean_xcpi,5,-0.2789295278881631
5y,reopen,holdout,mean_xcpi,6,-0.2975131650255486
5y,reopen,holdout,mean_xcpi,7,-0.3285051765630797
5y,reopen,holdout,mean_xcpi,8,-0.3116387020358267
5y,reopen,holdout,mean_xcpi,9,-0.15007151895472726
5y,reopen,holdout,mean_xcpi,10,-0.0679575739156541
5y,reopen,holdout,median_xcpi,-10,0.0
5y,reopen,holdout,median_xcpi,-9,0.03267184446684723
5y,reopen,holdout,median_xcpi,-8,0.05661182453786662
5y,reopen,holdout,median_xcpi,-7,0.08694827700497232
5y,reopen,holdout,median_xcpi,-6,-0.10457038570286237
5y,reopen,holdout,median_xcpi,-5,-0.08695375705045638
5y,reopen,holdout,median_xcpi,-4,-0.009909886351155972
5y,reopen,holdout,median_xcpi,-3,0.0337472700566499
5y,reopen,holdout,median_xcpi,-2,0.07759538965909085
5y,reopen,holdout,median_xcpi,-1,0.16407969775391607
5y,reopen,holdout,median_xcpi,0,0.10486934841378304
5y,reopen,holdout,median_xcpi,1,-0.02948278950490879
5y,reopen,holdout,median_xcpi,2,-0.23743919262814162
5y,reopen,holdout,median_xcpi,3,-0.18131312675401245
5y,reopen,holdout,median_xcpi,4,-0.1769676803091813
5y,reopen,holdout,median_xcpi,5,-0.35058747319404704
5y,reopen,holdout,median_xcpi,6,-0.3744067824106243
5y,reopen,holdout,median_xcpi,7,-0.36957034193789706
5y,reopen,holdout,median_xcpi,8,-0.38440621992188406
5y,reopen,holdout,median_xcpi,9,-0.11194134379011134
5y,reopen,holdout,median_xcpi,10,0.16603901353894868
5y,reopen,holdout,mean_raw,-10,0.0
5y,reopen,holdout,mean_raw,-9,0.17967832397899985
5y,reopen,holdout,mean_raw,-8,0.1530267516363362
5y,reopen,holdout,mean_raw,-7,0.24571175087086428
5y,reopen,holdout,mean_raw,-6,0.08865143704991763
5y,reopen,holdout,mean_raw,-5,0.25625159365928535
5y,reopen,holdout,mean_raw,-4,0.20130749732045689
5y,reopen,holdout,mean_raw,-3,0.21680508842564294
5y,reopen,holdout,mean_raw,-2,0.22067336964905526
5y,reopen,holdout,mean_raw,-1,0.23631485566947225
5y,reopen,holdout,mean_raw,0,0.14161709111979767
5y,reopen,holdout,mean_raw,1,0.045000323091104744
5y,reopen,holdout,mean_raw,2,-0.13407546552660637
5y,reopen,holdout,mean_raw,3,-0.036243300149170946
5y,reopen,holdout,mean_raw,4,-0.0836670058895555
5y,reopen,holdout,mean_raw,5,-0.1880659720763565
5y,reopen,holdout,mean_raw,6,-0.20664960921374198
5y,reopen,holdout,mean_raw,7,-0.2376416207512731
5y,reopen,holdout,mean_raw,8,-0.22077514622402017
5y,reopen,holdout,mean_raw,9,-0.05920796314292065
5y,reopen,holdout,mean_raw,10,0.022905981896152505
5y,reopen,holdout,mean_z,-10,0.0
5y,reopen,holdout,mean_z,-9,0.5086777549501482
5y,reopen,holdout,mean_z,-8,0.3733893559258977
5y,reopen,holdout,mean_z,-7,0.5309732169225012
5y,reopen,holdout,mean_z,-6,-0.29834820622535235
5y,reopen,holdout,mean_z,-5,0.5341629905609094
5y,reopen,holdout,mean_z,-4,0.38172722431327344
5y,reopen,holdout,mean_z,-3,0.357704679184719
5y,reopen,holdout,mean_z,-2,0.2972646244598139
5y,reopen,holdout,mean_z,-1,0.34641739494156165
5y,reopen,holdout,mean_z,0,0.0404427335199551
5y,reopen,holdout,mean_z,1,-0.6247557627205411
5y,reopen,holdout,mean_z,2,-1.503123399761736
5y,reopen,holdout,mean_z,3,-0.9663304655839946
5y,reopen,holdout,mean_z,4,-0.6507701610399417
5y,reopen,holdout,mean_z,5,-0.9730343220286033
5y,reopen,holdout,mean_z,6,-1.1493771364937413
5y,reopen,holdout,mean_z,7,-1.2171570599111463
5y,reopen,holdout,mean_z,8,-1.2945975332567212
5y,reopen,holdout,mean_z,9,-0.5260886306723114
5y,reopen,holdout,mean_z,10,-0.15317293097833998
5y,reopen,holdout,ci_lo,-10,0.0
5y,reopen,holdout,ci_lo,-9,-0.036328758595666075
5y,reopen,holdout,ci_lo,-8,-0.15601905649047787
5y,reopen,holdout,ci_lo,-7,-0.09050636754961758
5y,reopen,holdout,ci_lo,-6,-0.32925342523099654
5y,reopen,holdout,ci_lo,-5,-0.16057901337185948
5y,reopen,holdout,ci_lo,-4,-0.23885742950898115
5y,reopen,holdout,ci_lo,-3,-0.2522589559358313
5y,reopen,holdout,ci_lo,-2,-0.26424398849708963
5y,reopen,holdout,ci_lo,-1,-0.2794050902550288
5y,reopen,holdout,ci_lo,0,-0.39026489071086296
5y,reopen,holdout,ci_lo,1,-0.6070885624182359
5y,reopen,holdout,ci_lo,2,-0.8510164235380159
5y,reopen,holdout,ci_lo,3,-0.7445366838645514
5y,reopen,holdout,ci_lo,4,-0.9275005530681969
5y,reopen,holdout,ci_lo,5,-1.0529374262293518
5y,reopen,holdout,ci_lo,6,-1.0170465176053112
5y,reopen,holdout,ci_lo,7,-1.0500673735503254
5y,reopen,holdout,ci_lo,8,-0.9608124119795722
5y,reopen,holdout,ci_lo,9,-0.7591611265837748
5y,reopen,holdout,ci_lo,10,-0.679554222409788
5y,reopen,holdout,ci_hi,-10,0.0
5y,reopen,holdout,ci_hi,-9,0.3816043864239841
5y,reopen,holdout,ci_hi,-8,0.4382613805004716
5y,reopen,holdout,ci_hi,-7,0.507151791824851
5y,reopen,holdout,ci_hi,-6,0.3542583791035116
5y,reopen,holdout,ci_hi,-5,0.5909656474482129
5y,reopen,holdout,ci_hi,-4,0.5426173079273617
5y,reopen,holdout,ci_hi,-3,0.587796561506073
5y,reopen,holdout,ci_hi,-2,0.5990647318053643
5y,reopen,holdout,ci_hi,-1,0.627512906809268
5y,reopen,holdout,ci_hi,0,0.5667174978580354
5y,reopen,holdout,ci_hi,1,0.5908848611858394
5y,reopen,holdout,ci_hi,2,0.4583071658787639
5y,reopen,holdout,ci_hi,3,0.5348154998492457
5y,reopen,holdout,ci_hi,4,0.5715277580580287
5y,reopen,holdout,ci_hi,5,0.4652215580663378
5y,reopen,holdout,ci_hi,6,0.4023403474986359
5y,reopen,holdout,ci_hi,7,0.35536306285842556
5y,reopen,holdout,ci_hi,8,0.32676132214449466
5y,reopen,holdout,ci_hi,9,0.45169445075071446
5y,reopen,holdout,ci_hi,10,0.5188852073510112
